{"name":"bbda1af2-aa67-483e-95bd-438c291d4d33","id":"/providers/Microsoft.Flow/flows/bbda1af2-aa67-483e-95bd-438c291d4d33","type":"Microsoft.Flow/flows","properties":{"apiId":"/providers/Microsoft.PowerApps/apis/shared_logicflows","displayName":"Request approval (first to respond) for a selected item","definition":{"metadata":{"workflowEntityId":null,"processAdvisorMetadata":null,"flowclientsuspensionreason":"None","flowclientsuspensiontime":null,"creator":{"id":"96a99893-c1e8-4e6c-9802-ea754b7d4c93","type":"User","tenantId":"db1e96a8-a3da-442a-930b-235cac24cd5c"},"provisioningMethod":"FromDefinition","failureAlertSubscription":true,"clientLastModifiedTime":"2021-05-01T09:51:31.3072127Z"},"$schema":"https://schema.management.azure.com/providers/Microsoft.Logic/schemas/2016-06-01/workflowdefinition.json#","contentVersion":"1.0.0.0","parameters":{"$connections":{"defaultValue":{},"type":"Object"},"$authentication":{"defaultValue":{},"type":"SecureObject"},"sharepoint.site":{"defaultValue":"","type":"String"},"sharepoint.list":{"defaultValue":"","type":"String"}},"triggers":{"manual":{"splitOn":"@triggerBody()['rows']","type":"Request","kind":"ApiConnection","inputs":{"schema":{"type":"object","properties":{"rows":{"type":"array","items":{"type":"object","properties":{"text":{"title":"Request","type":"string","x-ms-dynamically-added":true,"description":"Please enter your message sent to the approvers","x-ms-content-hint":"TEXT"},"email":{"title":"Approvers","type":"string","format":"email","x-ms-dynamically-added":true,"description":"Please enter one or more email addresses","x-ms-content-hint":"EMAIL"},"boolean":{"title":"Approval Reminders ","type":"boolean","x-ms-dynamically-added":true,"description":"Please select yes or no","x-ms-content-hint":"BOOLEAN"},"text_2":{"title":"Reminder Duration","type":"string","x-ms-dynamically-added":true,"description":"Please select your duration","x-ms-content-hint":"TEXT","enum":["Week","Day","Hour","Minute"]},"number":{"title":"Reminder Duration Units","type":"number","x-ms-dynamically-added":true,"description":"Please enter reminder duration in number","x-ms-content-hint":"NUMBER"},"entity":{"type":"object","properties":{"ID":{"title":"ID","type":"integer","format":"int64"}},"required":["ID"]}},"required":["text","email","boolean","number","entity"]}}},"required":["rows"]},"host":{"connection":{"name":"@parameters('$connections')['shared_sharepointonline_1']['connectionId']"},"api":{"runtimeUrl":"https://flow-apim-europe-001-northeurope-01.azure-apim.net/apim/sharepointonline"}},"operationId":"GetItemHybridTriggerSchema","parameters":{"connectionId":"","dataset":"https://eu023-sp.shell.com/sites/SPOAA0990","table":"607b9c70-a822-40fc-b25f-c59af50cbb6e"}}}},"actions":{"Initialize_approval_done_variable":{"runAfter":{"Get_item":["Succeeded"]},"type":"InitializeVariable","inputs":{"variables":[{"name":"approvalDone","type":"boolean","value":"@false"}]}},"Set_variable":{"runAfter":{"Wait_for_an_approval":["Succeeded"]},"type":"SetVariable","inputs":{"name":"approvalDone","value":"@true"}},"Initialize_approvers_list_variable":{"runAfter":{"Initialize_approval_done_variable":["Succeeded"]},"type":"InitializeVariable","inputs":{"variables":[{"name":"approversList","type":"string"}]}},"Initialize_approval_respond_link_variable":{"runAfter":{"Initialize_approvers_list_variable":["Succeeded"]},"type":"InitializeVariable","inputs":{"variables":[{"name":"approvalRespondLink","type":"string"}]}},"Set_respond_to_approval_link":{"runAfter":{"Create_an_approval":["Succeeded"]},"type":"SetVariable","inputs":{"name":"approvalRespondLink","value":"@body('Create_an_approval')?['respondLink']"}},"Wait_for_an_approval":{"runAfter":{"Set_respond_to_approval_link":["Succeeded"]},"metadata":{"flowSystemMetadata":{"swaggerOperationId":"WaitForAnApproval"}},"type":"ApiConnectionWebhook","inputs":{"host":{"connection":{"name":"@json(decodeBase64(triggerOutputs().headers['X-MS-APIM-Tokens']))['$connections']['shared_approvals']['connectionId']"},"api":{"runtimeUrl":"https://flow-apim-europe-001-westeurope-01.azure-apim.net/apim/approvals"}},"body":{"notificationUrl":"@{listCallbackUrl()}"},"path":"/approvals/@{encodeURIComponent(body('Create_an_approval')?['name'])}/subscriptions","authentication":{"type":"Raw","value":"@json(decodeBase64(triggerOutputs().headers['X-MS-APIM-Tokens']))['$ConnectionKey']"}}},"Get_item":{"runAfter":{},"metadata":{"flowSystemMetadata":{"swaggerOperationId":"GetItem"}},"type":"ApiConnection","inputs":{"host":{"connection":{"name":"@json(decodeBase64(triggerOutputs().headers['X-MS-APIM-Tokens']))['$connections']['shared_sharepointonline_1']['connectionId']"},"api":{"runtimeUrl":"https://flow-apim-europe-001-northeurope-01.azure-apim.net/apim/sharepointonline"}},"method":"get","path":"/datasets/@{encodeURIComponent(encodeURIComponent('https://eu023-sp.shell.com/sites/SPOAA0990'))}/tables/@{encodeURIComponent(encodeURIComponent('607b9c70-a822-40fc-b25f-c59af50cbb6e'))}/items/@{encodeURIComponent(triggerBody()?['entity']?['ID'])}","authentication":{"type":"Raw","value":"@json(decodeBase64(triggerOutputs().headers['X-MS-APIM-Tokens']))['$ConnectionKey']"}}},"Select":{"runAfter":{"Set_variable":["Succeeded"]},"type":"Select","inputs":{"from":"@body('Wait_for_an_approval')?['responses']","select":{"Approver":"@item()?['responder']?['displayName']","Comments":"@if(empty(item()?['comments']),'No comments',item()['comments'])","Response":"@item()?['approverResponse']"}}},"Create_HTML_table":{"runAfter":{"Select":["Succeeded"]},"type":"Table","inputs":{"from":"@body('Select')","format":"HTML"}},"HTML_Table_with_Styles":{"runAfter":{"Create_HTML_table":["Succeeded"]},"type":"Compose","inputs":"<style>\ntable {\n  width: 100%;\n  background-color: #FFFFFF;\n  border-collapse: collapse;\n  border-width: 2px;\n  border-color: #7EA8F8;\n  border-style: solid;\n  color: #000000;\n  text-align: left;\n}\n\ntable td, table th {\n  border-width: 2px;\n  border-color: #7EA8F8;\n  border-style: solid;\n  padding: 5px;\n}\n\ntable thead {\n  background-color: #DEDEDE;\n}\n</style>\n@{body('Create_HTML_table')}"},"Check_if_we_need_to_send_approval_reminders":{"actions":{"Delay":{"runAfter":{},"type":"Wait","inputs":{"interval":{"count":"@triggerBody()['number']","unit":"@triggerBody()?['text_2']"}}},"Check_if_approvalDone_is_true":{"actions":{},"runAfter":{"Delay":["Succeeded"]},"else":{"actions":{"Do_until":{"actions":{"Send_an_email_(V2)":{"runAfter":{},"metadata":{"flowSystemMetadata":{"swaggerOperationId":"SendEmailV2"}},"type":"ApiConnection","inputs":{"host":{"connection":{"name":"@json(decodeBase64(triggerOutputs().headers['X-MS-APIM-Tokens']))['$connections']['shared_office365']['connectionId']"},"api":{"runtimeUrl":"https://flow-apim-europe-001-northeurope-01.azure-apim.net/apim/office365"}},"method":"post","body":{"To":"@triggerBody()['email']","Subject":"Approval reminder for '@{body('Get_item')?['Title']}'","Body":"<p>An approval assigned to you for '@{body('Get_item')?['Title']}' is still pending.<br>\n<br>\nPlease review the approval <a href='@{variables('approvalRespondLink')}'>here</a> to approve or reject the request.</p>"},"path":"/v2/Mail","authentication":{"type":"Raw","value":"@json(decodeBase64(triggerOutputs().headers['X-MS-APIM-Tokens']))['$ConnectionKey']"}}},"Wait_for_the_duration_before_sending_another_email":{"runAfter":{"Send_an_email_(V2)":["Succeeded"]},"type":"Wait","inputs":{"interval":{"count":"@triggerBody()['number']","unit":"@triggerBody()?['text_2']"}}}},"runAfter":{},"expression":"@equals(variables('approvalDone'), true)","limit":{"count":60,"timeout":"PT1H"},"type":"Until"}}},"expression":{"equals":["@variables('approvalDone')","@true"]},"type":"If"}},"runAfter":{"Create_an_approval":["Succeeded"]},"expression":{"equals":["@triggerBody()?['boolean']","@true"]},"type":"If"},"Create_an_approval":{"runAfter":{"Initialize_approval_respond_link_variable":["Succeeded"]},"metadata":{"flowSystemMetadata":{"swaggerOperationId":"CreateAnApproval"}},"type":"ApiConnection","inputs":{"host":{"connection":{"name":"@json(decodeBase64(triggerOutputs().headers['X-MS-APIM-Tokens']))['$connections']['shared_approvals']['connectionId']"},"api":{"runtimeUrl":"https://flow-apim-europe-001-westeurope-01.azure-apim.net/apim/approvals"}},"method":"post","body":{"title":"Please approve: '@{body('Get_item')?['Title']}","assignedTo":"@{triggerBody()['email']};","details":"The item '@{body('Get_item')?['Title']}' is submitted for approval by @{base64ToString(triggerOutputs()['headers']['x-ms-user-name-encoded'])}.\n\nThe message with the request:\n@{if(empty(triggerBody()['text']),'No message included with the request',triggerBody()['text'])}\n\nPlease review, and then approve or reject the request.","itemLink":"@body('Get_item')?['{Link}']","itemLinkDescription":"@body('Get_item')?['Title']","enableNotifications":true,"enableReassignment":true},"path":"/types/@{encodeURIComponent('Basic')}","authentication":{"type":"Raw","value":"@json(decodeBase64(triggerOutputs().headers['X-MS-APIM-Tokens']))['$ConnectionKey']"}}},"Check_if_request_is_approved":{"actions":{"Item_approved":{"runAfter":{},"metadata":{"flowSystemMetadata":{"swaggerOperationId":"SendEmailV2"}},"type":"ApiConnection","inputs":{"host":{"connection":{"name":"@json(decodeBase64(triggerOutputs().headers['X-MS-APIM-Tokens']))['$connections']['shared_office365']['connectionId']"},"api":{"runtimeUrl":"https://flow-apim-europe-001-northeurope-01.azure-apim.net/apim/office365"}},"method":"post","body":{"To":"@base64ToString(triggerOutputs()['headers']['x-ms-user-email-encoded'])","Subject":"Item: Approved","Body":"<p>Your request for '@{body('Get_item')?['Title']}' has been approved.<br>\n<br>\nApproval details below:<br>\n<br>\n@{outputs('HTML_Table_with_Styles')}</p>","Importance":"Normal"},"path":"/v2/Mail","authentication":{"type":"Raw","value":"@json(decodeBase64(triggerOutputs().headers['X-MS-APIM-Tokens']))['$ConnectionKey']"}}}},"runAfter":{"HTML_Table_with_Styles":["Succeeded"]},"else":{"actions":{"Item_rejected":{"runAfter":{},"metadata":{"flowSystemMetadata":{"swaggerOperationId":"SendEmailV2"}},"type":"ApiConnection","inputs":{"host":{"connection":{"name":"@json(decodeBase64(triggerOutputs().headers['X-MS-APIM-Tokens']))['$connections']['shared_office365']['connectionId']"},"api":{"runtimeUrl":"https://flow-apim-europe-001-northeurope-01.azure-apim.net/apim/office365"}},"method":"post","body":{"To":"@base64ToString(triggerOutputs()['headers']['x-ms-user-email-encoded'])","Subject":"Item: Rejected","Body":"<p>Your request for '@{body('Get_item')?['Title']}' has been rejected.<br>\n<br>\nApproval details below:<br>\n<br>\n@{outputs('HTML_Table_with_Styles')}</p>","Importance":"Normal"},"path":"/v2/Mail","authentication":{"type":"Raw","value":"@json(decodeBase64(triggerOutputs().headers['X-MS-APIM-Tokens']))['$ConnectionKey']"}}}}},"expression":"@equals(body('Wait_for_an_approval')?['outcome'], 'Approve')","type":"If"}},"description":"Request approval (first to respond) for a selected item in a SharePoint list, along with approval reminder options."},"connectionReferences":{"shared_approvals":{"connectionName":"shared-approvals-ee6cf00c-5ac5-44c5-abf3-0a1c-9aa72b14","source":"Invoker","id":"/providers/Microsoft.PowerApps/apis/shared_approvals","tier":"NotSpecified"},"shared_office365":{"connectionName":"shared-office365-92a25451-60e4-41bd-bbbe-31b2-b9e9a0d3","source":"Invoker","id":"/providers/Microsoft.PowerApps/apis/shared_office365","tier":"NotSpecified"},"shared_sharepointonline_1":{"connectionName":"shared-sharepointonl-0a693f0a-e486-498e-9fc8-a2b4-bc23bce4","source":"Invoker","id":"/providers/Microsoft.PowerApps/apis/shared_sharepointonline","tier":"NotSpecified"}},"flowFailureAlertSubscribed":false}}