{"name":"42554c68-5930-4910-bfab-450a80e868c3","id":"/providers/Microsoft.Flow/flows/42554c68-5930-4910-bfab-450a80e868c3","type":"Microsoft.Flow/flows","properties":{"apiId":"/providers/Microsoft.PowerApps/apis/shared_logicflows","displayName":"Face recognition","definition":{"metadata":{"workflowEntityId":null,"processAdvisorMetadata":null,"flowclientsuspensionreason":"None","flowclientsuspensiontime":null,"creator":{"id":"cbf6b318-835e-4eaa-94a8-878a92e80997","type":"User","tenantId":"c7ba1ffa-0912-4ec7-be94-7cfcb8a19dd6"},"provisioningMethod":"FromDefinition","failureAlertSubscription":true,"clientLastModifiedTime":"2021-06-09T04:14:23.4586439Z"},"$schema":"https://schema.management.azure.com/providers/Microsoft.Logic/schemas/2016-06-01/workflowdefinition.json#","contentVersion":"1.0.0.0","parameters":{"$connections":{"defaultValue":{},"type":"Object"},"$authentication":{"defaultValue":{},"type":"SecureObject"}},"triggers":{"manual":{"type":"Request","kind":"PowerApp","inputs":{"schema":{"type":"object","properties":{"Initializevariable_Value":{"type":"string","description":"Enter initial value","x-ms-powerflows-param-ispartial":false}},"required":["Initializevariable_Value"]}}}},"actions":{"Initialize_variable_-_image":{"runAfter":{},"type":"InitializeVariable","inputs":{"variables":[{"name":"image","type":"string","value":"@{triggerBody()['Initializevariable_Value']}"}]},"description":"Image Captured from the PowerApps"},"Initialize_variable_-_response":{"runAfter":{"Initialize_variable_-_image":["Succeeded"]},"type":"InitializeVariable","inputs":{"variables":[{"name":"response","type":"string"}]},"description":"Response back to PowerApps"},"Parse_JSON":{"runAfter":{"Initialize_variable_-_varCandlen":["Succeeded"]},"type":"ParseJson","inputs":{"content":"@variables('image')","schema":{"type":"array","items":{"type":"object","properties":{"Img":{"type":"string"},"Name":{"type":"string"}},"required":["Img","Name"]}}},"description":"parse JSON from the PowerApps Input"},"Create_blob":{"runAfter":{"Parse_JSON":["Succeeded"]},"type":"OpenApiConnection","inputs":{"host":{"apiId":"/providers/Microsoft.PowerApps/apis/shared_azureblob","connectionName":"shared_azureblob","operationId":"CreateFile"},"parameters":{"folderPath":"/faces","name":"@first(body('Parse_JSON'))?['Name']","body":"@datauritobinary(first(body('Parse_JSON'))?['Img'])"},"authentication":{"value":"@json(decodeBase64(triggerOutputs().headers['X-MS-APIM-Tokens']))['$ConnectionKey']","type":"Raw"}},"description":"Create Captured image in the Blob","runtimeConfiguration":{"contentTransfer":{"transferMode":"Chunked"}}},"Create_SAS_URI_by_path":{"runAfter":{"Create_blob":["Succeeded"]},"type":"OpenApiConnection","inputs":{"host":{"apiId":"/providers/Microsoft.PowerApps/apis/shared_azureblob","connectionName":"shared_azureblob","operationId":"CreateShareLinkByPath"},"parameters":{"path":"@outputs('Create_blob')?['body/Path']","policy/Permissions":"Read"},"authentication":{"value":"@json(decodeBase64(triggerOutputs().headers['X-MS-APIM-Tokens']))['$ConnectionKey']","type":"Raw"}}},"Detect_faces":{"runAfter":{"Create_SAS_URI_by_path":["Succeeded"]},"type":"OpenApiConnection","inputs":{"host":{"apiId":"/providers/Microsoft.PowerApps/apis/shared_faceapi","connectionName":"shared_faceapi","operationId":"Detect"},"parameters":{"body/url":"@outputs('Create_SAS_URI_by_path')?['body/WebUrl']"},"authentication":{"value":"@json(decodeBase64(triggerOutputs().headers['X-MS-APIM-Tokens']))['$ConnectionKey']","type":"Raw"}}},"Condition_2":{"actions":{"HTTP":{"runAfter":{},"type":"Http","inputs":{"method":"POST","uri":"https://sriniface1.cognitiveservices.azure.com/face/v1.0/identify","headers":{"Ocp-Apim-Subscription-Key":"9dcf76662a324625aec8604d1f44411b"},"body":{"faceids":["@first(body('Detect_faces'))?['faceId']"],"personGroupid":"face_authentication1"}}},"Parse_JSON_2":{"runAfter":{"HTTP":["Succeeded"]},"type":"ParseJson","inputs":{"content":"@body('HTTP')","schema":{"type":"array","items":{"type":"object","properties":{"faceId":{"type":"string"},"candidates":{"type":"array","items":{"type":"object","properties":{"personId":{"type":"string"},"confidence":{"type":"number"}},"required":["personId","confidence"]}}},"required":["faceId","candidates"]}}}},"Get_a_person":{"runAfter":{"Set_variable_3":["Succeeded"]},"type":"OpenApiConnection","inputs":{"host":{"apiId":"/providers/Microsoft.PowerApps/apis/shared_faceapi","connectionName":"shared_faceapi","operationId":"GetPerson"},"parameters":{"personGroupId":"face_authentication1","personId":"@first(body('Parse_JSON_2'))['candidates'][0]['personId']"},"authentication":{"value":"@json(decodeBase64(triggerOutputs().headers['X-MS-APIM-Tokens']))['$ConnectionKey']","type":"Raw"}}},"Condition":{"actions":{"Append_to_string_variable":{"runAfter":{},"type":"AppendToStringVariable","inputs":{"name":"response","value":"success"}}},"runAfter":{"Get_a_person":["Succeeded","Failed","Skipped","TimedOut"]},"else":{"actions":{"Start_and_wait_for_an_approval_2":{"runAfter":{},"type":"OpenApiConnectionWebhook","inputs":{"host":{"apiId":"/providers/Microsoft.PowerApps/apis/shared_approvals","connectionName":"shared_approvals","operationId":"StartAndWaitForAnApproval"},"parameters":{"approvalType":"Basic","WebhookApprovalCreationInput/title":"Face Not Found","WebhookApprovalCreationInput/assignedTo":"hr@ronvanderhamdevelopment.onmicrosoft.com;stan@ronvanderhamdevelopment.onmicrosoft.com;","WebhookApprovalCreationInput/details":"Hi,\nFace not Found.\n## Captured Photo\n![Alt text]( @{outputs('Create_SAS_URI_by_path')?['body/WebUrl']} \"Captured Photo\")\nThanks,\nTeam Security.","WebhookApprovalCreationInput/enableNotifications":true,"WebhookApprovalCreationInput/enableReassignment":true},"authentication":{"value":"@json(decodeBase64(triggerOutputs().headers['X-MS-APIM-Tokens']))['$ConnectionKey']","type":"Raw"}}},"Condition_3":{"actions":{"Append_to_string_variable_3":{"runAfter":{},"type":"AppendToStringVariable","inputs":{"name":"response","value":"success"}}},"runAfter":{"Start_and_wait_for_an_approval_2":["Succeeded"]},"else":{"actions":{"Append_to_string_variable_2":{"runAfter":{},"type":"AppendToStringVariable","inputs":{"name":"response","value":"fail"}}}},"expression":{"contains":["@outputs('Start_and_wait_for_an_approval_2')?['body/outcome']","Approve"]},"type":"If"}}},"expression":{"greaterOrEquals":["@variables('varCandlen')",0.75]},"type":"If"},"Respond_to_a_PowerApp_or_flow":{"runAfter":{"Condition":["Succeeded"]},"type":"Response","kind":"PowerApp","inputs":{"statusCode":200,"body":{"response":"@variables('response')","name":"@outputs('Get_a_person')?['body/name']"},"schema":{"type":"object","properties":{"response":{"title":"response","x-ms-dynamically-added":true,"type":"string"},"name":{"title":"name","x-ms-dynamically-added":true,"type":"string"}}}}},"Set_variable_3":{"runAfter":{"Parse_JSON_2":["Succeeded"]},"type":"SetVariable","inputs":{"name":"varCandlen","value":"@if(lessOrEquals(length(first(body('Parse_JSON_2'))['candidates']),0),0,first(body('Parse_JSON_2'))['candidates'][0]['confidence'])"}}},"runAfter":{"Detect_faces":["Succeeded"]},"else":{"actions":{"Respond_to_a_PowerApp_or_flow_2":{"runAfter":{"Condition_4":["Succeeded"]},"type":"Response","kind":"PowerApp","inputs":{"statusCode":200,"body":{"response":"@variables('response')","name":"You can allow him."},"schema":{"type":"object","properties":{"response":{"title":"response","x-ms-dynamically-added":true,"type":"string"},"name":{"title":"name","x-ms-dynamically-added":true,"type":"string"}}}}},"Start_and_wait_for_an_approval":{"runAfter":{},"type":"OpenApiConnectionWebhook","inputs":{"host":{"apiId":"/providers/Microsoft.PowerApps/apis/shared_approvals","connectionName":"shared_approvals","operationId":"StartAndWaitForAnApproval"},"parameters":{"approvalType":"Basic","WebhookApprovalCreationInput/title":"Face Not Found","WebhookApprovalCreationInput/assignedTo":"hr@ronvanderhamdevelopment.onmicrosoft.com;stan@ronvanderhamdevelopment.onmicrosoft.com;","WebhookApprovalCreationInput/details":"Hi,\nFace not Found.\n## Captured Photo\n![Alt text]( @{outputs('Create_SAS_URI_by_path')?['body/WebUrl']} \"Captured Photo\")\nThanks,\nTeam Security.","WebhookApprovalCreationInput/enableNotifications":true,"WebhookApprovalCreationInput/enableReassignment":true},"authentication":{"value":"@json(decodeBase64(triggerOutputs().headers['X-MS-APIM-Tokens']))['$ConnectionKey']","type":"Raw"}}},"Condition_4":{"actions":{"Append_to_string_variable_5":{"runAfter":{},"type":"AppendToStringVariable","inputs":{"name":"response","value":"success"}}},"runAfter":{"Start_and_wait_for_an_approval":["Succeeded"]},"else":{"actions":{"Append_to_string_variable_4":{"runAfter":{},"type":"AppendToStringVariable","inputs":{"name":"response","value":"fail"}}}},"expression":{"contains":["@outputs('Start_and_wait_for_an_approval')?['body/outcome']","Approve"]},"type":"If"}}},"expression":{"not":{"equals":["@length(outputs('Detect_faces')?['body'])",0]}},"type":"If"},"Initialize_variable_-_varCandlen":{"runAfter":{"Initialize_variable_-_response":["Succeeded"]},"type":"InitializeVariable","inputs":{"variables":[{"name":"varCandlen","type":"float"}]},"description":"Candidate Array Length"}},"outputs":{}},"connectionReferences":{"shared_azureblob":{"connectionName":"shared-azureblob-cc26a740-0524-4397-b2bc-77ce-d6b796b2","source":"Invoker","id":"/providers/Microsoft.PowerApps/apis/shared_azureblob","tier":"NotSpecified"},"shared_faceapi":{"connectionName":"shared-faceapi-358e4ad2-0dcb-48cf-9b46-6a30-ded76510","source":"Invoker","id":"/providers/Microsoft.PowerApps/apis/shared_faceapi","tier":"NotSpecified"},"shared_approvals":{"connectionName":"shared-approvals-612f7c58-6327-4e75-96d3-7be6-bb71214e","source":"Invoker","id":"/providers/Microsoft.PowerApps/apis/shared_approvals","tier":"NotSpecified"}},"flowFailureAlertSubscribed":false}}