{"name":"009bb3d9-edba-479f-8069-c3ef0b0492a9","id":"/providers/Microsoft.Flow/flows/009bb3d9-edba-479f-8069-c3ef0b0492a9","type":"Microsoft.Flow/flows","properties":{"apiId":"/providers/Microsoft.PowerApps/apis/shared_logicflows","displayName":"HealthApproval","definition":{"metadata":{"workflowEntityId":null,"processAdvisorMetadata":null,"flowclientsuspensionreason":"None","flowclientsuspensiontime":null,"creator":{"id":"96a99893-c1e8-4e6c-9802-ea754b7d4c93","type":"User","tenantId":"db1e96a8-a3da-442a-930b-235cac24cd5c"},"provisioningMethod":"FromDefinition","failureAlertSubscription":true,"clientLastModifiedTime":"2021-09-28T10:53:50.547212Z"},"$schema":"https://schema.management.azure.com/providers/Microsoft.Logic/schemas/2016-06-01/workflowdefinition.json#","contentVersion":"1.0.0.0","parameters":{"$connections":{"defaultValue":{},"type":"Object"},"$authentication":{"defaultValue":{},"type":"SecureObject"}},"triggers":{"When_an_item_or_a_file_is_modified":{"recurrence":{"frequency":"Minute","interval":5},"splitOn":"@triggerOutputs()?['body/value']","type":"OpenApiConnection","inputs":{"host":{"apiId":"/providers/Microsoft.PowerApps/apis/shared_sharepointonline","connectionName":"shared_sharepointonline","operationId":"GetOnChangedItems"},"parameters":{"dataset":"https://eu023-sp.shell.com/sites/SPOAA1436","table":"2cbe6f86-a81f-4451-937a-645c060342dd"},"authentication":"@parameters('$authentication')"},"conditions":[{"expression":"@and(equals(triggerBody()?['Status'],'Pending'),equals(triggerBody()?['EmployeeContractororonbehalfoffa'],'Requestor'))"}]}},"actions":{"Initialize_variable":{"runAfter":{},"type":"InitializeVariable","inputs":{"variables":[{"name":"check","type":"boolean","value":"@false"}]}},"Initialize_variable_2":{"runAfter":{"Initialize_variable":["Succeeded"]},"type":"InitializeVariable","inputs":{"variables":[{"name":"error","type":"boolean","value":"@false"}]}},"Initialize_variable_3":{"runAfter":{"Initialize_variable_4":["Succeeded"]},"type":"InitializeVariable","inputs":{"variables":[{"name":"Approver","type":"string"}]}},"Initialize_variable_4":{"runAfter":{"Initialize_variable_2":["Succeeded"]},"type":"InitializeVariable","inputs":{"variables":[{"name":"Reassign","type":"boolean","value":"@false"}]}},"Initialize_variable_5":{"runAfter":{"Initialize_variable_3":["Succeeded"]},"type":"InitializeVariable","inputs":{"variables":[{"name":"outcome","type":"string"}]}},"Get_changes_for_an_item_or_a_file_(properties_only)":{"runAfter":{"Get_item":["Succeeded"]},"type":"OpenApiConnection","inputs":{"host":{"apiId":"/providers/Microsoft.PowerApps/apis/shared_sharepointonline","connectionName":"shared_sharepointonline","operationId":"GetItemChanges"},"parameters":{"dataset":"https://eu023-sp.shell.com/sites/SPOAA1436","table":"2cbe6f86-a81f-4451-937a-645c060342dd","id":"@triggerOutputs()?['body/ID']","since":"@sub(int(triggerOutputs()?['body/{VersionNumber}']),1)","includeDrafts":false},"authentication":"@parameters('$authentication')"}},"Condition_check_change":{"actions":{"Condition_4":{"actions":{"Switch":{"runAfter":{},"cases":{"Case":{"case":"Approve","actions":{"Send_an_email_(V2)_2":{"runAfter":{},"type":"OpenApiConnection","inputs":{"host":{"apiId":"/providers/Microsoft.PowerApps/apis/shared_office365","connectionName":"shared_office365","operationId":"SendEmailV2"},"parameters":{"emailMessage/To":"@triggerOutputs()?['body/EmailId']","emailMessage/Subject":"Site Access Approval @{triggerOutputs()?['body/ID']} Appoved","emailMessage/Body":"<p>Hello @{triggerOutputs()?['body/FirstName']},<br>\n<br>\nBelow is a copy of your approved site access request form: <a href=\"https://eu023-sp.shell.com/sites/SPOAA1436/SitePages/New-Request.aspx?MyID=@{outputs('Get_item')?['body/ID']}\">Link</a><br>\n<br>\nPlease remember to check in at reception upon arrival and check out at departure.<br>\n<br>\nThanks,<br>\nShell Health Team</p>"},"authentication":"@parameters('$authentication')"}},"Send_an_HTTP_request_to_SharePoint":{"runAfter":{"Send_an_email_(V2)_2":["Succeeded"]},"type":"OpenApiConnection","inputs":{"host":{"apiId":"/providers/Microsoft.PowerApps/apis/shared_sharepointonline","connectionName":"shared_sharepointonline","operationId":"HttpRequest"},"parameters":{"dataset":"https://eu023-sp.shell.com/sites/SPOAA1436","parameters/method":"POST","parameters/uri":"_vti_bin/client.svc/ProcessQuery","parameters/headers":{"Content-Type":"text/xml;charset=\"UTF-8\"","X-Requested-With":"XMLHTTPRequest","Accept":"*/*"},"parameters/body":"<Request xmlns=\"http://schemas.microsoft.com/sharepoint/clientquery/2009\" SchemaVersion=\"15.0.0.0\" LibraryVersion=\"16.0.0.0\" ApplicationName=\"Javascript Library\">\n    <Actions>\n          <Method Name=\"SetFieldValue\" Id=\"6\" ObjectPathId=\"3\">\n            <Parameters>\n                <Parameter Type=\"String\">Status</Parameter>\n                <Parameter Type=\"String\">Approved</Parameter>\n            </Parameters>\n        </Method>\n          <Method Name=\"SetFieldValue\" Id=\"7\" ObjectPathId=\"3\">\n            <Parameters>\n                <Parameter Type=\"String\">linktoedit</Parameter>\n                <Parameter Type=\"String\">Approved</Parameter>\n            </Parameters>\n        </Method>\n        <Method Name=\"SystemUpdate\" Id=\"5\" ObjectPathId=\"3\" />\n    </Actions>\n    <ObjectPaths>\n        <Property Id=\"1\" ParentId=\"0\" Name=\"Web\" />\n        <Method Id=\"2\" ParentId=\"1\" Name=\"GetList\">\n            <Parameters>\n                <Parameter Type=\"String\">/sites/SPOAA1436/Site Access Request Form</Parameter>\n            </Parameters>\n        </Method>\n        <Method Id=\"3\" ParentId=\"2\" Name=\"GetItemById\">\n            <Parameters>\n                <Parameter Type=\"Number\">@{triggerOutputs()?['body/ID']}</Parameter>\n            </Parameters>\n        </Method>\n        <StaticProperty Id=\"0\" TypeId=\"{3747adcd-a3c3-41b9-bfab-4a64dd2f1e0a}\" Name=\"Current\" />\n    </ObjectPaths>\n</Request>"},"authentication":"@parameters('$authentication')"}}}},"Case_2":{"case":"Reject","actions":{"Send_an_email_(V2)_3":{"runAfter":{},"type":"OpenApiConnection","inputs":{"host":{"apiId":"/providers/Microsoft.PowerApps/apis/shared_office365","connectionName":"shared_office365","operationId":"SendEmailV2"},"parameters":{"emailMessage/To":"@triggerOutputs()?['body/EmailId']","emailMessage/Subject":"Site Access Rejection Notice: @{triggerOutputs()?['body/ID']}","emailMessage/Body":"<p>Hello @{triggerOutputs()?['body/FirstName']},<br>\n<br>\nYour request has been rejected by Shell Health. Please see reason below.<br>\n<br>\n@{variables('comments')}<br>\n<br>\nClick <a href=\"https://eu023-sp.shell.com/sites/SPOAA1436/SitePages/New-Request.aspx?MyID=@{outputs('Get_item')?['body/ID']}\">here</a> to view the request<br>\n<br>\nThanks,<br>\nShell Health Team</p>"},"authentication":"@parameters('$authentication')"}},"Send_an_HTTP_request_to_SharePoint_2":{"runAfter":{"Send_an_email_(V2)_3":["Succeeded"]},"type":"OpenApiConnection","inputs":{"host":{"apiId":"/providers/Microsoft.PowerApps/apis/shared_sharepointonline","connectionName":"shared_sharepointonline","operationId":"HttpRequest"},"parameters":{"dataset":"https://eu023-sp.shell.com/sites/SPOAA1436","parameters/method":"POST","parameters/uri":"_vti_bin/client.svc/ProcessQuery","parameters/headers":{"Content-Type":"text/xml;charset=\"UTF-8\"","X-Requested-With":"XMLHTTPRequest","Accept":"*/*"},"parameters/body":"<Request xmlns=\"http://schemas.microsoft.com/sharepoint/clientquery/2009\" SchemaVersion=\"15.0.0.0\" LibraryVersion=\"16.0.0.0\" ApplicationName=\"Javascript Library\">\n    <Actions>\n          <Method Name=\"SetFieldValue\" Id=\"6\" ObjectPathId=\"3\">\n            <Parameters>\n                <Parameter Type=\"String\">Status</Parameter>\n                <Parameter Type=\"String\">Rejected</Parameter>\n            </Parameters>\n        </Method>\n          <Method Name=\"SetFieldValue\" Id=\"7\" ObjectPathId=\"3\">\n            <Parameters>\n                <Parameter Type=\"String\">linktoedit</Parameter>\n                <Parameter Type=\"String\">Rejected</Parameter>\n            </Parameters>\n        </Method>\n        <Method Name=\"SystemUpdate\" Id=\"5\" ObjectPathId=\"3\" />\n    </Actions>\n    <ObjectPaths>\n        <Property Id=\"1\" ParentId=\"0\" Name=\"Web\" />\n        <Method Id=\"2\" ParentId=\"1\" Name=\"GetList\">\n            <Parameters>\n                <Parameter Type=\"String\">/sites/SPOAA1436/Site Access Request Form</Parameter>\n            </Parameters>\n        </Method>\n        <Method Id=\"3\" ParentId=\"2\" Name=\"GetItemById\">\n            <Parameters>\n                <Parameter Type=\"Number\">@{triggerOutputs()?['body/ID']}</Parameter>\n            </Parameters>\n        </Method>\n        <StaticProperty Id=\"0\" TypeId=\"{3747adcd-a3c3-41b9-bfab-4a64dd2f1e0a}\" Name=\"Current\" />\n    </ObjectPaths>\n</Request>"},"authentication":"@parameters('$authentication')"}}}},"Case_3":{"case":"Defer","actions":{"Send_an_email_(V2)_4":{"runAfter":{},"type":"OpenApiConnection","inputs":{"host":{"apiId":"/providers/Microsoft.PowerApps/apis/shared_office365","connectionName":"shared_office365","operationId":"SendEmailV2"},"parameters":{"emailMessage/To":"@triggerOutputs()?['body/EmailId']","emailMessage/Subject":"Site Access Defer Notice: @{triggerOutputs()?['body/ID']}","emailMessage/Body":"<p>Hello @{triggerOutputs()?['body/FirstName']}<br>\n<br>\nYour request requires further clarification by Shell Health. Please see reason below.<br>\n<br>\n@{variables('comments')}<br>\n<br>\nClick <a href=\"https://eu023-sp.shell.com/sites/SPOAA1436/SitePages/New-Request.aspx?MyID=@{outputs('Get_item')?['body/ID']}\">here</a> to view the request<br>\n<br>\nThanks,<br>\nShell Health Team</p>"},"authentication":"@parameters('$authentication')"}},"Send_an_HTTP_request_to_SharePoint_3":{"runAfter":{"Send_an_email_(V2)_4":["Succeeded"]},"type":"OpenApiConnection","inputs":{"host":{"apiId":"/providers/Microsoft.PowerApps/apis/shared_sharepointonline","connectionName":"shared_sharepointonline","operationId":"HttpRequest"},"parameters":{"dataset":"https://eu023-sp.shell.com/sites/SPOAA1436","parameters/method":"POST","parameters/uri":"_vti_bin/client.svc/ProcessQuery","parameters/headers":{"Content-Type":"text/xml;charset=\"UTF-8\"","X-Requested-With":"XMLHTTPRequest","Accept":"*/*"},"parameters/body":"<Request xmlns=\"http://schemas.microsoft.com/sharepoint/clientquery/2009\" SchemaVersion=\"15.0.0.0\" LibraryVersion=\"16.0.0.0\" ApplicationName=\"Javascript Library\">\n    <Actions>\n          <Method Name=\"SetFieldValue\" Id=\"6\" ObjectPathId=\"3\">\n            <Parameters>\n                <Parameter Type=\"String\">Status</Parameter>\n                <Parameter Type=\"String\">Not Started</Parameter>\n            </Parameters>\n        </Method>\n         <Method Name=\"SetFieldValue\" Id=\"7\" ObjectPathId=\"3\">\n            <Parameters>\n                <Parameter Type=\"String\">linktoedit</Parameter>\n                <Parameter Type=\"String\">Draft</Parameter>\n            </Parameters>\n        </Method>\n        <Method Name=\"SystemUpdate\" Id=\"5\" ObjectPathId=\"3\" />\n    </Actions>\n    <ObjectPaths>\n        <Property Id=\"1\" ParentId=\"0\" Name=\"Web\" />\n        <Method Id=\"2\" ParentId=\"1\" Name=\"GetList\">\n            <Parameters>\n                <Parameter Type=\"String\">/sites/SPOAA1436/Site Access Request Form</Parameter>\n            </Parameters>\n        </Method>\n        <Method Id=\"3\" ParentId=\"2\" Name=\"GetItemById\">\n            <Parameters>\n                <Parameter Type=\"Number\">@{triggerOutputs()?['body/ID']}</Parameter>\n            </Parameters>\n        </Method>\n        <StaticProperty Id=\"0\" TypeId=\"{3747adcd-a3c3-41b9-bfab-4a64dd2f1e0a}\" Name=\"Current\" />\n    </ObjectPaths>\n</Request>"},"authentication":"@parameters('$authentication')"}}}}},"default":{"actions":{}},"expression":"@variables('outcome')","type":"Switch"}},"runAfter":{"Do_until_2":["Succeeded"]},"expression":{"equals":["@variables('error')","@false"]},"type":"If"},"Send_an_HTTP_request_to_SharePoint_4":{"runAfter":{},"type":"OpenApiConnection","inputs":{"host":{"apiId":"/providers/Microsoft.PowerApps/apis/shared_sharepointonline","connectionName":"shared_sharepointonline","operationId":"HttpRequest"},"parameters":{"dataset":"https://eu023-sp.shell.com/sites/SPOAA1436","parameters/method":"GET","parameters/uri":"_api/web/sitegroups/getbyname('Shell Health Team')/users","parameters/headers":{"Accept":"application/json;odata=verbose"}},"authentication":"@parameters('$authentication')"}},"Do_until_2":{"actions":{"try_2":{"actions":{"Start_and_wait_for_an_approval_2":{"runAfter":{},"type":"OpenApiConnectionWebhook","inputs":{"host":{"apiId":"/providers/Microsoft.PowerApps/apis/shared_approvals","connectionName":"shared_approvals","operationId":"StartAndWaitForAnApproval"},"parameters":{"approvalType":"CustomResponse","WebhookApprovalCreationInput/responseOptions":["Approve","Reject","Reassign","Defer"],"WebhookApprovalCreationInput/title":"Approval Request - @{outputs('Get_item')?['body/ID']}","WebhookApprovalCreationInput/assignedTo":"@{variables('Approver')};","WebhookApprovalCreationInput/details":"Hello Shell Health Team,\n \nBelow Request is submitted for your Approval by @{outputs('Get_item')?['body/FirstName']}. \n\nBelow link:\n[Covid Screen](https://eu023-sp.shell.com/sites/SPOAA1436/SitePages/Covid-Screen.aspx?MyID=@{outputs('Get_item')?['body/ID']})\n\nNote: For Reassign Please mention Mail Address in comments","WebhookApprovalCreationInput/enableNotifications":true,"WebhookApprovalCreationInput/enableReassignment":true},"authentication":"@parameters('$authentication')"}},"Condition_2":{"actions":{"Select":{"runAfter":{},"type":"Select","inputs":{"from":"@outputs('Start_and_wait_for_an_approval_2')?['body/responses']","select":{"Comments":"@if(empty(item()?['comments']), 'No comments', item()['comments'])"}}},"Condition_3":{"actions":{"Set_variable":{"runAfter":{},"type":"SetVariable","inputs":{"name":"error","value":"@true"}}},"runAfter":{"Select":["Succeeded"]},"else":{"actions":{"Get_user_profile_(V2)":{"runAfter":{},"type":"OpenApiConnection","inputs":{"host":{"apiId":"/providers/Microsoft.PowerApps/apis/shared_office365users","connectionName":"shared_office365users","operationId":"UserProfile_V2"},"parameters":{"id":"@first(body('Select'))?['Comments']"},"authentication":"@parameters('$authentication')"}},"Set_variable_2":{"runAfter":{"Set_variable_4":["Succeeded"]},"type":"SetVariable","inputs":{"name":"Approver","value":"@outputs('Get_user_profile_(V2)')?['body/mail']"}},"Set_variable_4":{"runAfter":{"Get_user_profile_(V2)":["Succeeded"]},"type":"SetVariable","inputs":{"name":"Reassign","value":"@true"}}}},"expression":{"equals":["@body('Select')","No comments"]},"type":"If"}},"runAfter":{"Start_and_wait_for_an_approval_2":["Succeeded"]},"else":{"actions":{"Select_2":{"runAfter":{},"type":"Select","inputs":{"from":"@outputs('Start_and_wait_for_an_approval_2')?['body/responses']","select":{"Comments":"@if(empty(item()?['comments']), 'No comments', item()['comments'])"}}},"Condition_6":{"actions":{"Set_variable_11":{"runAfter":{},"type":"SetVariable","inputs":{"name":"comments","value":"No comments"}}},"runAfter":{"Select_2":["Succeeded"]},"else":{"actions":{"Set_variable_9":{"runAfter":{},"type":"SetVariable","inputs":{"name":"comments","value":"@{first(body('Select_2'))?['Comments']}"}}}},"expression":{"equals":["@body('Select_2')","No comments"]},"type":"If"}}},"expression":{"equals":["@outputs('Start_and_wait_for_an_approval_2')?['body/outcome']","Reassign"]},"type":"If"}},"runAfter":{},"type":"Scope"},"catch_2":{"actions":{"Set_variable_5":{"runAfter":{},"type":"SetVariable","inputs":{"name":"error","value":"@true"}}},"runAfter":{"try_2":["Failed","TimedOut"]},"type":"Scope"},"Finally_2":{"actions":{"Condition_5":{"actions":{"Condition":{"actions":{"Send_an_email_(V2)":{"runAfter":{},"type":"OpenApiConnection","inputs":{"host":{"apiId":"/providers/Microsoft.PowerApps/apis/shared_office365","connectionName":"shared_office365","operationId":"SendEmailV2"},"parameters":{"emailMessage/To":"D.Mariappan@shell.com","emailMessage/Subject":"Comments must be provided ","emailMessage/Body":"<p>Comments must be provided with mail address for resassing</p>"},"authentication":"@parameters('$authentication')"}}},"runAfter":{},"expression":{"equals":["@variables('error')","@true"]},"type":"If"}},"runAfter":{},"else":{"actions":{"Set_variable_6":{"runAfter":{},"type":"SetVariable","inputs":{"name":"check","value":"@true"}},"Set_variable_3":{"runAfter":{"Set_variable_6":["Succeeded"]},"type":"SetVariable","inputs":{"name":"outcome","value":"@outputs('Start_and_wait_for_an_approval_2')?['body/outcome']"}}}},"expression":{"or":[{"equals":["@variables('error')","@true"]},{"equals":["@variables('Reassign')","@true"]}]},"type":"If"},"Set_variable_7":{"runAfter":{"Condition_5":["Succeeded"]},"type":"SetVariable","inputs":{"name":"Reassign","value":"@false"}},"Set_variable_8":{"runAfter":{"Set_variable_7":["Succeeded"]},"type":"SetVariable","inputs":{"name":"error","value":"@false"}}},"runAfter":{"catch_2":["Succeeded","Failed","Skipped","TimedOut"]},"type":"Scope"}},"runAfter":{"Apply_to_each_4":["Succeeded"]},"expression":"@equals(variables('check'), true)","limit":{"count":60,"timeout":"PT720H"},"type":"Until"},"Apply_to_each_4":{"foreach":"@body('Send_an_HTTP_request_to_SharePoint_4')['d']['results']","actions":{"Condition_9":{"actions":{"Append_to_string_variable_2":{"runAfter":{},"type":"AppendToStringVariable","inputs":{"name":"Approver","value":"@{items('Apply_to_each_4')?['Email']};"}}},"runAfter":{},"expression":{"and":[{"equals":["@items('Apply_to_each_4')?['principalType']",1]},{"not":{"equals":["@items('Apply_to_each_4')?['Email']",""]}}]},"type":"If"}},"runAfter":{"Send_an_HTTP_request_to_SharePoint_4":["Succeeded"]},"type":"Foreach"}},"runAfter":{"Get_changes_for_an_item_or_a_file_(properties_only)":["Succeeded"]},"expression":{"equals":["@triggerOutputs()?['body/linktoedit']","Draft"]},"type":"If"},"Initialize_variable_6":{"runAfter":{"Initialize_variable_5":["Succeeded"]},"type":"InitializeVariable","inputs":{"variables":[{"name":"comments","type":"string"}]}},"Get_item":{"runAfter":{"Initialize_variable_6":["Succeeded"]},"type":"OpenApiConnection","inputs":{"host":{"apiId":"/providers/Microsoft.PowerApps/apis/shared_sharepointonline","connectionName":"shared_sharepointonline","operationId":"GetItem"},"parameters":{"dataset":"https://eu023-sp.shell.com/sites/SPOAA1436","table":"2cbe6f86-a81f-4451-937a-645c060342dd","id":"@triggerOutputs()?['body/ID']"},"authentication":"@parameters('$authentication')"}}}},"connectionReferences":{"shared_sharepointonline":{"connectionName":"shared-sharepointonl-0a693f0a-e486-498e-9fc8-a2b4-bc23bce4","source":"Embedded","id":"/providers/Microsoft.PowerApps/apis/shared_sharepointonline","tier":"NotSpecified"},"shared_office365":{"connectionName":"shared-office365-92a25451-60e4-41bd-bbbe-31b2-b9e9a0d3","source":"Embedded","id":"/providers/Microsoft.PowerApps/apis/shared_office365","tier":"NotSpecified"},"shared_approvals":{"connectionName":"shared-approvals-ee6cf00c-5ac5-44c5-abf3-0a1c-9aa72b14","source":"Embedded","id":"/providers/Microsoft.PowerApps/apis/shared_approvals","tier":"NotSpecified"},"shared_office365users":{"connectionName":"shared-office365user-933bff19-c44a-4dce-87f8-13f3-3e1b151f","source":"Embedded","id":"/providers/Microsoft.PowerApps/apis/shared_office365users","tier":"NotSpecified"}},"flowFailureAlertSubscribed":false}}