{"name":"1bd0637c-75ac-4886-aca1-e2728864056f","id":"/providers/Microsoft.Flow/flows/1bd0637c-75ac-4886-aca1-e2728864056f","type":"Microsoft.Flow/flows","properties":{"apiId":"/providers/Microsoft.PowerApps/apis/shared_logicflows","displayName":"Extract Info from Document","definition":{"metadata":{"workflowEntityId":null,"processAdvisorMetadata":null,"flowclientsuspensionreason":"None","flowclientsuspensiontime":null,"creator":{"id":"cbf6b318-835e-4eaa-94a8-878a92e80997","type":"User","tenantId":"c7ba1ffa-0912-4ec7-be94-7cfcb8a19dd6"},"provisioningMethod":"FromDefinition","failureAlertSubscription":true,"clientLastModifiedTime":"2021-05-31T10:22:33.8741401Z"},"$schema":"https://schema.management.azure.com/providers/Microsoft.Logic/schemas/2016-06-01/workflowdefinition.json#","contentVersion":"1.0.0.0","parameters":{"$connections":{"defaultValue":{},"type":"Object"},"$authentication":{"defaultValue":{},"type":"SecureObject"}},"triggers":{"When_a_new_email_arrives_(V3)":{"splitOn":"@triggerOutputs()?['body/value']","type":"OpenApiConnectionNotification","inputs":{"host":{"apiId":"/providers/Microsoft.PowerApps/apis/shared_office365","connectionName":"shared_office365_1","operationId":"OnNewEmailV3"},"parameters":{"folderPath":"Inbox","includeAttachments":true,"importance":"Any","fetchOnlyWithAttachment":true},"authentication":"@parameters('$authentication')"}}},"actions":{"Condition_2":{"actions":{"Apply_to_each":{"foreach":"@triggerOutputs()?['body/attachments']","actions":{"Condition":{"actions":{"Create_file":{"runAfter":{},"type":"OpenApiConnection","inputs":{"host":{"apiId":"/providers/Microsoft.PowerApps/apis/shared_onedriveforbusiness","connectionName":"shared_onedriveforbusiness","operationId":"CreateFile"},"parameters":{"folderPath":"/OnBoarding Docs","name":"@items('Apply_to_each')?['name']","body":"@items('Apply_to_each')?['contentBytes']"},"authentication":"@parameters('$authentication')"},"runtimeConfiguration":{"contentTransfer":{"transferMode":"Chunked"}}},"Convert_file":{"runAfter":{"Create_file":["Succeeded"]},"type":"OpenApiConnection","inputs":{"host":{"apiId":"/providers/Microsoft.PowerApps/apis/shared_onedriveforbusiness","connectionName":"shared_onedriveforbusiness","operationId":"ConvertFile"},"parameters":{"id":"@outputs('Create_file')?['body/Id']","type":"PDF"},"authentication":"@parameters('$authentication')"}},"Process_and_save_information_from_forms":{"runAfter":{"Convert_file":["Succeeded"]},"metadata":{"flowSystemMetadata":{"portalOperationId":"aibuilderpredict_formsprocessing","portalOperationGroup":"aibuilder","portalOperationApiDisplayNameOverride":"AI Builder","portalOperationIconOverride":"https://psuxemea.azureedge.net/Content/Images/DesignerOperations/aiBuilder.png","portalOperationBrandColorOverride":"#742775","portalOperationApiTierOverride":"Standard"}},"type":"OpenApiConnection","inputs":{"host":{"apiId":"/providers/Microsoft.PowerApps/apis/shared_commondataserviceforapps","connectionName":"shared_commondataserviceforapps","operationId":"aibuilderpredict_formsprocessing"},"parameters":{"recordId":"a537d8a1-3778-4368-b5f6-eda59a5a880e","item/requestv2/mimeType":"application/pdf","item/requestv2/base64Encoded":"@outputs('Convert_file')?['body']"},"authentication":"@parameters('$authentication')"}},"Create_item_-_Employee_":{"runAfter":{"Process_and_save_information_from_forms":["Succeeded"]},"type":"OpenApiConnection","inputs":{"host":{"apiId":"/providers/Microsoft.PowerApps/apis/shared_sharepointonline","connectionName":"shared_sharepointonline","operationId":"PostItem"},"parameters":{"dataset":"https://ronvanderhamdevelopment.sharepoint.com/","table":"289e25cd-60f0-4f34-8953-a853b839aa01","item/Title":"@outputs('Process_and_save_information_from_forms')?['body/responsev2/predictionOutput/labels/Candidat71ba9722cafacfefb807dc902ceb935c/value']","item/FirstName":"@outputs('Process_and_save_information_from_forms')?['body/responsev2/predictionOutput/labels/First_0096ce6e6193a047260f5c32aa416d88b6/value']","item/LastName":"@outputs('Process_and_save_information_from_forms')?['body/responsev2/predictionOutput/labels/Last_002f55563b386a39dc3093ff86421fb665d/value']","item/Gender":"@outputs('Process_and_save_information_from_forms')?['body/responsev2/predictionOutput/labels/Gender/value']","item/Mobile":"@outputs('Process_and_save_information_from_forms')?['body/responsev2/predictionOutput/labels/Mobile/value']","item/PersonalEmail":"@outputs('Process_and_save_information_from_forms')?['body/responsev2/predictionOutput/labels/Personal3c90ecb34b357bcb66e40f1f64c88e1b/value']","item/DateOfBirth":"@outputs('Process_and_save_information_from_forms')?['body/responsev2/predictionOutput/labels/Date_00290952e896d5e52554bb4c8557856cb8a/value']","item/PlaceOfBirth":"@outputs('Process_and_save_information_from_forms')?['body/responsev2/predictionOutput/labels/Place_00f650e3ebfc0e5796c489193588307cd3/value']","item/Nationality":"@outputs('Process_and_save_information_from_forms')?['body/responsev2/predictionOutput/labels/Nationality/value']","item/PAN":"@outputs('Process_and_save_information_from_forms')?['body/responsev2/predictionOutput/labels/PAN/value']","item/BloodGroup":"@outputs('Process_and_save_information_from_forms')?['body/responsev2/predictionOutput/labels/Blood_000605ff87d7ed5df30d6829aec1a26f3b/value']","item/AadharNumber":"@outputs('Process_and_save_information_from_forms')?['body/responsev2/predictionOutput/labels/Aadhar_0035ec1ba93e0da18c2ee53b058cdb647/value']","item/MaritalStatus":"@outputs('Process_and_save_information_from_forms')?['body/responsev2/predictionOutput/labels/Marital_2d2ff71974ae4def1396d94546f1f34e/value']","item/Doyouhaveanypermanentdisability_":"@outputs('Process_and_save_information_from_forms')?['body/responsev2/predictionOutput/labels/any_002068033139e82bedc3bd640ecde0027963/value']","item/DateOfInterview":"@outputs('Process_and_save_information_from_forms')?['body/responsev2/predictionOutput/labels/Date_002e496724c9bc37a9560209f15c1fd6514/value']","item/PreferredLocation":"@outputs('Process_and_save_information_from_forms')?['body/responsev2/predictionOutput/labels/Work_002771a9abc8a33950fc43c446a409fb637/value']","item/FatherName":"@outputs('Process_and_save_information_from_forms')?['body/responsev2/predictionOutput/labels/Father_08e02c0d1a240c8024120c9291586c04b/value']","item/MotherName":"@outputs('Process_and_save_information_from_forms')?['body/responsev2/predictionOutput/labels/Mother_0446560946fea0353c33c42f5d9402aaf/value']","item/Status/Value":"Submitted","item/HRMailID":"hr@ronvanderhamdevelopment.onmicrosoft.com"},"authentication":"@parameters('$authentication')"}},"Create_item_-_Education":{"runAfter":{"Process_and_save_information_from_forms":["Succeeded"]},"type":"OpenApiConnection","inputs":{"host":{"apiId":"/providers/Microsoft.PowerApps/apis/shared_sharepointonline","connectionName":"shared_sharepointonline","operationId":"PostItem"},"parameters":{"dataset":"https://ronvanderhamdevelopment.sharepoint.com/","table":"8e4e78ee-f276-4ebc-8305-07b2b3077646","item/Title":"@outputs('Process_and_save_information_from_forms')?['body/responsev2/predictionOutput/labels/Candidat71ba9722cafacfefb807dc902ceb935c/value']","item/Institution_x002d_UG":"@outputs('Process_and_save_information_from_forms')?['body/responsev2/predictionOutput/labels/Institut1ebb07a081c048fde12cb8f0934b17f7/value']","item/From_x0028_Month_x002f_Year_x002":"@outputs('Process_and_save_information_from_forms')?['body/responsev2/predictionOutput/labels/From_002eb7b676c60a3fcdbdd9ebae266ec225a/value']","item/To_x0028_Month_x002f_Year_x0029_":"@outputs('Process_and_save_information_from_forms')?['body/responsev2/predictionOutput/labels/To_0020_e220815c837ff975a0fd5e8f6000242b/value']","item/University_x002d_UG":"@outputs('Process_and_save_information_from_forms')?['body/responsev2/predictionOutput/labels/Universi373e3f41d6b2aea5666d1c5c754a4250/value']","item/Certificate_x002f_Degree_x002f_D":"@outputs('Process_and_save_information_from_forms')?['body/responsev2/predictionOutput/labels/Certific0a20ee6481c5a3641d2ae7a3acb29e3a/value']","item/AreasofSpecialization_x002d_UG":"@outputs('Process_and_save_information_from_forms')?['body/responsev2/predictionOutput/labels/Areas_0068ecb17122984b1aa5215095b37f8364/value']","item/Percentage_x002f_CPI_x002f_Grade":"@outputs('Process_and_save_information_from_forms')?['body/responsev2/predictionOutput/labels/Percenta7c4c947b006b105b653326e2bd944a5b/value']","item/Remarks_x002d_UG":"@outputs('Process_and_save_information_from_forms')?['body/responsev2/predictionOutput/labels/Remarks_7824a4256e397ada148051e6250d2d7d/value']","item/Institution_x002d_PG":"@outputs('Process_and_save_information_from_forms')?['body/responsev2/predictionOutput/labels/Institut973c3f74d0ca03a764000baca2fd6491/value']","item/From_x0028_Month_x002f_Year_x0020":"@outputs('Process_and_save_information_from_forms')?['body/responsev2/predictionOutput/labels/From_00222ec4f602a8924da3561b77c55a40698/value']","item/To_x0028_Month_x002f_Year_x0029_0":"@outputs('Process_and_save_information_from_forms')?['body/responsev2/predictionOutput/labels/To_0020_46af0fcd38373ee69e64cccf0f39217b/value']","item/University_x002d_PG":"@outputs('Process_and_save_information_from_forms')?['body/responsev2/predictionOutput/labels/Universic1dfbfc46b7e451b0c9816c575e56362/value']","item/Certificate_x002f_Degree_x002f_D0":"@outputs('Process_and_save_information_from_forms')?['body/responsev2/predictionOutput/labels/Certific2cee34bdc90c492a6f1ed41ebb661db6/value']","item/AreasofSpecialization_x002d_PG":"@outputs('Process_and_save_information_from_forms')?['body/responsev2/predictionOutput/labels/Areas_002b8a7c9080816a61793ae434fe8e5ca4/value']","item/Percentage_x002f_CPI_x002f_Grade0":"@outputs('Process_and_save_information_from_forms')?['body/responsev2/predictionOutput/labels/Percentab0c5ec9ff616247b6db4276090b5a45b/value']","item/Remarks_x002d_PG":"@outputs('Process_and_save_information_from_forms')?['body/responsev2/predictionOutput/labels/Remarks_6c2ab202cc85b6646e6248da7b671b45/value']"},"authentication":"@parameters('$authentication')"}},"Create_item_-_Work_Experience":{"runAfter":{"Process_and_save_information_from_forms":["Succeeded"]},"type":"OpenApiConnection","inputs":{"host":{"apiId":"/providers/Microsoft.PowerApps/apis/shared_sharepointonline","connectionName":"shared_sharepointonline","operationId":"PostItem"},"parameters":{"dataset":"https://ronvanderhamdevelopment.sharepoint.com/","table":"554b0024-f06e-47a6-9f1e-8a9a2023ead5","item/Title":"@outputs('Process_and_save_information_from_forms')?['body/responsev2/predictionOutput/labels/Candidat71ba9722cafacfefb807dc902ceb935c/value']","item/TotalExperience":"@outputs('Process_and_save_information_from_forms')?['body/responsev2/predictionOutput/labels/Total_0082344ddff462578d27295104911a3446/value']","item/NameofEmployer_x002d_Employer1":"@outputs('Process_and_save_information_from_forms')?['body/responsev2/predictionOutput/labels/Name_0029b91a2c02398113ff8195535b1d51073/value']","item/From_x0028_Month_x002f_Year_x002":"@outputs('Process_and_save_information_from_forms')?['body/responsev2/predictionOutput/labels/From_002e9d6b1303ce09aa5b541f29527be7417/value']","item/To_x0028_Month_x002f_Year_x0029_":"@outputs('Process_and_save_information_from_forms')?['body/responsev2/predictionOutput/labels/To_0020_e119a4b8fe39891c42c7d2887623f315/value']","item/Designation_x002d_Employer1":"@outputs('Process_and_save_information_from_forms')?['body/responsev2/predictionOutput/labels/Designat5872304b3e1dec3798696df5b14bc2d9/value']","item/RoleandResponsibility_x002d_Empl":"@outputs('Process_and_save_information_from_forms')?['body/responsev2/predictionOutput/labels/Role_0021f0d0d423f202f83e1ae9445fc054260/value']","item/LastSalarydrawn_x0028_Rs_x002e_p":"@outputs('Process_and_save_information_from_forms')?['body/responsev2/predictionOutput/labels/Last_002cd38cebf75494a42e35f9b3de396162c/value']","item/ReasonforLeaving_x002d_Employer1":"@outputs('Process_and_save_information_from_forms')?['body/responsev2/predictionOutput/labels/Reason_0a598707e373e27e67b303003c1c8975a/value']","item/NameofEmployer_x002d_Employer2":"@outputs('Process_and_save_information_from_forms')?['body/responsev2/predictionOutput/labels/Name_002fc36d82f913cb2f8af72c2565530fb77/value']","item/From_x0028_Month_x002f_Year_x0020":"@outputs('Process_and_save_information_from_forms')?['body/responsev2/predictionOutput/labels/From_002740928ee15bb101330860dc7313618b6/value']","item/To_x0028_Month_x002f_Year_x0029_0":"@outputs('Process_and_save_information_from_forms')?['body/responsev2/predictionOutput/labels/To_0020_dba52cfccc5a0381d22a561c5b703f2d/value']","item/Designation_x002d_Employer2":"@outputs('Process_and_save_information_from_forms')?['body/responsev2/predictionOutput/labels/Designatd467e3b20493959012a3077b5d59cc06/value']","item/RoleandResponsibility_x002d_Empl0":"@outputs('Process_and_save_information_from_forms')?['body/responsev2/predictionOutput/labels/Role_00257b10709e3de9d4a446cb615bb9aac6e/value']","item/LastSalarydrawn_x0028_Rs_x002e_p0":"@outputs('Process_and_save_information_from_forms')?['body/responsev2/predictionOutput/labels/Last_002db8cf7f36190a28ad46c7cde7a451efe/value']","item/ReasonforLeaving_x002d_Employer2":"@outputs('Process_and_save_information_from_forms')?['body/responsev2/predictionOutput/labels/Reason_0ebafd421ebf9b612d461197e1ffb17e7/value']"},"authentication":"@parameters('$authentication')"}},"Create_item_-_Address":{"runAfter":{"Process_and_save_information_from_forms":["Succeeded"]},"type":"OpenApiConnection","inputs":{"host":{"apiId":"/providers/Microsoft.PowerApps/apis/shared_sharepointonline","connectionName":"shared_sharepointonline","operationId":"PostItem"},"parameters":{"dataset":"https://ronvanderhamdevelopment.sharepoint.com/","table":"c7096d8d-c85f-45c7-9817-003f18c8fa7e","item/Title":"@outputs('Process_and_save_information_from_forms')?['body/responsev2/predictionOutput/labels/Candidat71ba9722cafacfefb807dc902ceb935c/value']","item/FlatNo":"@outputs('Process_and_save_information_from_forms')?['body/responsev2/predictionOutput/labels/Flat_002b95c61adb89936600ec77788cb8d87ad/value']","item/StreetName":"@outputs('Process_and_save_information_from_forms')?['body/responsev2/predictionOutput/labels/Street_07725744eeb932c32889fa46111ff19fd/value']","item/City":"@outputs('Process_and_save_information_from_forms')?['body/responsev2/predictionOutput/labels/City/value']","item/District":"@outputs('Process_and_save_information_from_forms')?['body/responsev2/predictionOutput/labels/District/value']","item/State":"@outputs('Process_and_save_information_from_forms')?['body/responsev2/predictionOutput/labels/State/value']","item/Country":"@outputs('Process_and_save_information_from_forms')?['body/responsev2/predictionOutput/labels/Country/value']","item/PinCode":"@outputs('Process_and_save_information_from_forms')?['body/responsev2/predictionOutput/labels/Pin_00200893a42127b59536004dd80ae3f6b9f9/value']"},"authentication":"@parameters('$authentication')"}},"Send_an_email_(V2)_2":{"runAfter":{"Create_item_-_Employee_":["Succeeded"],"Create_item_-_Education":["Succeeded"],"Create_item_-_Work_Experience":["Succeeded"],"Create_item_-_Address":["Succeeded"]},"type":"OpenApiConnection","inputs":{"host":{"apiId":"/providers/Microsoft.PowerApps/apis/shared_office365","connectionName":"shared_office365","operationId":"SendEmailV2"},"parameters":{"emailMessage/To":"@outputs('Create_item_-_Employee_')?['body/PersonalEmail']","emailMessage/Subject":"We have recieved your documents","emailMessage/Body":"<p>HI ,<br>\n<br>\nWe have recieved your documents.<br>\n<br>\nThanks,<br>\nHR</p>","emailMessage/Cc":"hr@ronvanderhamdevelopment.onmicrosoft.com;hr@ronvanderhamdevelopment.onmicrosoft.com"},"authentication":"@parameters('$authentication')"}}},"runAfter":{},"else":{"actions":{"Set_variable":{"runAfter":{},"type":"SetVariable","inputs":{"name":"varFileName","value":"@{split(items('Apply_to_each')?['name'],'.')[1]}  "}},"Create_file_2":{"runAfter":{"Set_variable":["Succeeded"]},"type":"OpenApiConnection","inputs":{"host":{"apiId":"/providers/Microsoft.PowerApps/apis/shared_sharepointonline","connectionName":"shared_sharepointonline","operationId":"CreateFile"},"parameters":{"dataset":"https://ronvanderhamdevelopment.sharepoint.com/","folderPath":"/SiteAssets/OnBoardingPhotos","name":"@{first(split(triggerOutputs()?['body/from'],'@'))}.@{variables('varFileName')}","body":"@items('Apply_to_each')?['contentBytes']"},"authentication":"@parameters('$authentication')"},"runtimeConfiguration":{"contentTransfer":{"transferMode":"Chunked"}}}}},"expression":{"contains":["@items('Apply_to_each')?['name']",".xlsx"]},"type":"If"}},"runAfter":{},"type":"Foreach"}},"runAfter":{"Initialize_variable_-_varFileName":["Succeeded"]},"else":{"actions":{"Send_an_email_(V2)":{"runAfter":{},"type":"OpenApiConnection","inputs":{"host":{"apiId":"/providers/Microsoft.PowerApps/apis/shared_office365","connectionName":"shared_office365","operationId":"SendEmailV2"},"parameters":{"emailMessage/To":"@triggerOutputs()?['body/from']","emailMessage/Subject":"Photo Is missing.","emailMessage/Body":"<p>HI ,<br>\n<br>\nPlease attach your photo and Excel file together then resend to hr@ronvanderhamdevelopment.onmicrosoft.com <br>\n<br>\nThanks,<br>\nHR</p>","emailMessage/Cc":"hr@ronvanderhamdevelopment.onmicrosoft.com"},"authentication":"@parameters('$authentication')"}}}},"expression":{"or":[{"contains":["@variables('varAttachStr')",".jpg"]},{"contains":["@variables('varAttachStr')",".png"]}]},"type":"If","description":"Condtion to check whether email contains both image and data sheet."},"Initialize_variable_-_varAttachStr":{"runAfter":{},"type":"InitializeVariable","inputs":{"variables":[{"name":"varAttachStr","type":"string","value":"@{join(triggerOutputs()?['body/attachments'],',')}"}]},"description":"Converting Attachments Array to String."},"Initialize_variable_-_varFileName":{"runAfter":{"Initialize_variable_-_varAttachStr":["Succeeded"]},"type":"InitializeVariable","inputs":{"variables":[{"name":"varFileName","type":"string"}]}}},"outputs":{}},"connectionReferences":{"shared_onedriveforbusiness":{"connectionName":"shared-onedriveforbu-1516b20c-e488-49b0-bb56-83c2-ab4f72a7","source":"Embedded","id":"/providers/Microsoft.PowerApps/apis/shared_onedriveforbusiness","tier":"NotSpecified"},"shared_commondataserviceforapps":{"connectionName":"shared-commondataser-50dfba20-a690-4ed8-9d07-60890c020d32","source":"Embedded","id":"/providers/Microsoft.PowerApps/apis/shared_commondataserviceforapps","tier":"NotSpecified"},"shared_sharepointonline":{"connectionName":"07d288303cee4e01a7c71fc5c78b6d27","source":"Embedded","id":"/providers/Microsoft.PowerApps/apis/shared_sharepointonline","tier":"NotSpecified"},"shared_office365":{"connectionName":"shared-office365-1291e008-6065-4415-b008-7225-cf47f4d8","source":"Embedded","id":"/providers/Microsoft.PowerApps/apis/shared_office365","tier":"NotSpecified"},"shared_office365_1":{"connectionName":"shared-office365-2bc2461e-b292-4757-8b94-790c-319e7443","source":"Embedded","id":"/providers/Microsoft.PowerApps/apis/shared_office365","tier":"NotSpecified"}},"flowFailureAlertSubscribed":false}}