{"name":"444d5367-8f20-408b-a2e7-4287db7ea04e","id":"/providers/Microsoft.Flow/flows/444d5367-8f20-408b-a2e7-4287db7ea04e","type":"Microsoft.Flow/flows","properties":{"apiId":"/providers/Microsoft.PowerApps/apis/shared_logicflows","displayName":"TestCancelFlow","definition":{"metadata":{"workflowEntityId":null,"processAdvisorMetadata":null,"flowclientsuspensionreason":"None","flowclientsuspensiontime":null,"creator":{"id":"cbf6b318-835e-4eaa-94a8-878a92e80997","type":"User","tenantId":"c7ba1ffa-0912-4ec7-be94-7cfcb8a19dd6"},"provisioningMethod":"FromDefinition","failureAlertSubscription":true,"clientLastModifiedTime":"2021-06-04T08:30:45.8143535Z"},"$schema":"https://schema.management.azure.com/providers/Microsoft.Logic/schemas/2016-06-01/workflowdefinition.json#","contentVersion":"1.0.0.0","parameters":{"$connections":{"defaultValue":{},"type":"Object"},"$authentication":{"defaultValue":{},"type":"SecureObject"}},"triggers":{"When_an_item_or_a_file_is_modified":{"recurrence":{"frequency":"Minute","interval":1},"splitOn":"@triggerOutputs()?['body/value']","type":"OpenApiConnection","inputs":{"host":{"apiId":"/providers/Microsoft.PowerApps/apis/shared_sharepointonline","connectionName":"shared_sharepointonline_1","operationId":"GetOnChangedItems"},"parameters":{"dataset":"https://ronvanderhamdevelopment.sharepoint.com/sites/TestMdsSite","table":"5dd6d9d7-462b-45e9-b0b6-85806d065691"},"authentication":"@parameters('$authentication')"},"conditions":[{"expression":"@and(not(empty(triggerBody()?['EnvironmentID'])),equals(triggerBody()?['SureYouWanttoUpdateItem'],true))"}]}},"actions":{"Initialize_variable":{"runAfter":{},"type":"InitializeVariable","inputs":{"variables":[{"name":"flow id","type":"string"}]}},"Workflowstatus":{"runAfter":{"Initialize_variable":["Succeeded"]},"type":"OpenApiConnection","inputs":{"host":{"apiId":"/providers/Microsoft.PowerApps/apis/shared_testcancelflow-5f94d32d166053e5df-5f77ca1c62a90586bd","connectionName":"shared_testcancelflow-5f94d32d166053e5df-5f77ca1c62a90586bd","operationId":"Workflowstatus"},"parameters":{"environmentId":"@triggerOutputs()?['body/EnvironmentID']","flowId":"@triggerOutputs()?['body/FlowID']","runId":"@triggerOutputs()?['body/InstanceID0']","api-version":"2016-11-01"},"authentication":"@parameters('$authentication')"}},"Parse_JSON":{"runAfter":{"Workflowstatus":["Succeeded"]},"type":"ParseJson","inputs":{"content":"@outputs('Workflowstatus')?['body']","schema":{"type":"object","properties":{"name":{"type":"string"},"id":{"type":"string"},"type":{"type":"string"},"properties":{"type":"object","properties":{"startTime":{"type":"string"},"endTime":{"type":"string"},"status":{"type":"string"},"correlation":{"type":"object","properties":{"clientTrackingId":{"type":"string"}}}}}}}}},"Condition":{"actions":{"CancelFlow":{"runAfter":{},"type":"OpenApiConnection","inputs":{"host":{"apiId":"/providers/Microsoft.PowerApps/apis/shared_testcancelflow-5f94d32d166053e5df-5f77ca1c62a90586bd","connectionName":"shared_testcancelflow-5f94d32d166053e5df-5f77ca1c62a90586bd","operationId":"CancelFlow"},"parameters":{"environmentId":"@triggerOutputs()?['body/EnvironmentID']","flowId":"@triggerOutputs()?['body/FlowID']","runId":"@triggerOutputs()?['body/InstanceID0']","api-version":"2016-11-01"},"authentication":"@parameters('$authentication')"}}},"runAfter":{"Parse_JSON":["Succeeded"]},"expression":{"equals":["@body('Parse_JSON')?['properties']?['status']","Running"]},"type":"If"}},"outputs":{}},"connectionReferences":{"shared_testcancelflow-5f94d32d166053e5df-5f77ca1c62a90586bd":{"connectionName":"shared-testcancelflo-a630cd84-dca1-42ae-9944-c526-9349c341","source":"Embedded","id":"/providers/Microsoft.PowerApps/apis/shared_testcancelflow-5f94d32d166053e5df-5f77ca1c62a90586bd","tier":"NotSpecified"},"shared_sharepointonline_1":{"connectionName":"shared-sharepointonl-fb24210c-4360-4167-b30b-54f1-eb8d2f60","source":"Embedded","id":"/providers/Microsoft.PowerApps/apis/shared_sharepointonline","tier":"NotSpecified"}},"flowFailureAlertSubscribed":false}}