{"name":"20ee82bb-a1ea-4f63-b686-582bad702e53","id":"/providers/Microsoft.Flow/flows/20ee82bb-a1ea-4f63-b686-582bad702e53","type":"Microsoft.Flow/flows","properties":{"apiId":"/providers/Microsoft.PowerApps/apis/shared_logicflows","displayName":"Create AAD Account","definition":{"metadata":{"workflowEntityId":null,"processAdvisorMetadata":null,"flowclientsuspensionreason":"None","flowclientsuspensiontime":null,"creator":{"id":"cbf6b318-835e-4eaa-94a8-878a92e80997","type":"User","tenantId":"c7ba1ffa-0912-4ec7-be94-7cfcb8a19dd6"},"provisioningMethod":"FromDefinition","failureAlertSubscription":true,"clientLastModifiedTime":"2021-05-31T10:34:30.4814261Z"},"$schema":"https://schema.management.azure.com/providers/Microsoft.Logic/schemas/2016-06-01/workflowdefinition.json#","contentVersion":"1.0.0.0","parameters":{"$connections":{"defaultValue":{},"type":"Object"},"$authentication":{"defaultValue":{},"type":"SecureObject"}},"triggers":{"When_an_item_is_created_or_modified":{"recurrence":{"frequency":"Minute","interval":1},"splitOn":"@triggerOutputs()?['body/value']","type":"OpenApiConnection","inputs":{"host":{"apiId":"/providers/Microsoft.PowerApps/apis/shared_sharepointonline","connectionName":"shared_sharepointonline","operationId":"GetOnUpdatedItems"},"parameters":{"dataset":"https://ronvanderhamdevelopment.sharepoint.com/","table":"289e25cd-60f0-4f34-8953-a853b839aa01"},"authentication":"@parameters('$authentication')"},"conditions":[{"expression":"@equals(triggerOutputs()?['body/Status/Value'],'Approved')"}]}},"actions":{"Create_user_2":{"runAfter":{"Initialize_variable_2":["Succeeded"]},"type":"OpenApiConnection","inputs":{"host":{"apiId":"/providers/Microsoft.PowerApps/apis/shared_azuread","connectionName":"shared_azuread","operationId":"CreateUser"},"parameters":{"body/accountEnabled":true,"body/displayName":"@{triggerOutputs()?['body/FirstName']} @{triggerOutputs()?['body/LastName']}","body/mailNickname":"@replace(triggerOutputs()?['body/FirstName'],' ','')","body/passwordProfile/password":"@variables('varPassword')","body/userPrincipalName":"@{replace(triggerOutputs()?['body/FirstName'],' ','')}.@{triggerOutputs()?['body/LastName']}@ronvanderhamdevelopment.onmicrosoft.com","body/givenName":"@triggerOutputs()?['body/FirstName']","body/surname":"@triggerOutputs()?['body/LastName']"},"authentication":"@parameters('$authentication')"}},"Add_user_to_group":{"runAfter":{"Create_user_2":["Succeeded"]},"type":"OpenApiConnection","inputs":{"host":{"apiId":"/providers/Microsoft.PowerApps/apis/shared_azuread","connectionName":"shared_azuread","operationId":"AddUserToGroup"},"parameters":{"id":"ef37e931-f399-457b-a18e-12ec952b64c3","body/@odata.id":"@outputs('Create_user_2')?['body/id']"},"authentication":"@parameters('$authentication')"}},"Assign_manager":{"runAfter":{"Add_user_to_group":["Succeeded"]},"type":"OpenApiConnection","inputs":{"host":{"apiId":"/providers/Microsoft.PowerApps/apis/shared_azuread","connectionName":"shared_azuread","operationId":"AssignManager"},"parameters":{"id":"@outputs('Create_user_2')?['body/id']","body/@odata.id":"db3cc39d-1b68-4cb4-91b6-488a352816dc"},"authentication":"@parameters('$authentication')"}},"Update_item":{"runAfter":{"Assign_manager":["Succeeded"]},"type":"OpenApiConnection","inputs":{"host":{"apiId":"/providers/Microsoft.PowerApps/apis/shared_sharepointonline","connectionName":"shared_sharepointonline","operationId":"PatchItem"},"parameters":{"dataset":"https://ronvanderhamdevelopment.sharepoint.com/","table":"289e25cd-60f0-4f34-8953-a853b839aa01","id":"@triggerOutputs()?['body/ID']","item/Title":"@triggerOutputs()?['body/Title']","item/Jobtitle":"@triggerOutputs()?['body/Jobtitle']","item/Department/Value":"@triggerOutputs()?['body/Department']","item/Supervisor/Claims":"Srinivasan.Annamalai@ronvanderhamdevelopment.onmicrosoft.com","item/Status/Value":"Onboarded","item/AccountName":"@{triggerOutputs()?['body/FirstName']} @{triggerOutputs()?['body/LastName']}","item/EmailID":"@{triggerOutputs()?['body/FirstName']}.@{triggerOutputs()?['body/LastName']}@ronvanderhamdevelopment.onmicrosoft.com","item/HRMailID":"stan@ronvanderhamdevelopment.onmicrosoft.com","item/ITCreatedADUserAccount":true},"authentication":"@parameters('$authentication')"}},"Delay":{"runAfter":{"Update_item":["Succeeded"]},"type":"Wait","inputs":{"interval":{"count":3,"unit":"Minute"}}},"Initialize_variable":{"runAfter":{},"type":"InitializeVariable","inputs":{"variables":[{"name":"varPassword","type":"string","value":"Password_@{formatDateTime(utcNow(),'ddMM')}"}]}},"Send_an_email_-_Account_Creation_Confirmation":{"runAfter":{"Delay":["Succeeded"]},"type":"OpenApiConnection","inputs":{"host":{"apiId":"/providers/Microsoft.PowerApps/apis/shared_office365","connectionName":"shared_office365","operationId":"SendEmailV2"},"parameters":{"emailMessage/To":"@{outputs('Update_item')?['body/PersonalEmail']};@{outputs('Update_item')?['body/EmailID']}","emailMessage/Subject":"Your CGI Account – Successfully Created","emailMessage/Body":"<p>Hi @{outputs('Update_item')?['body/FirstName']} @{outputs('Update_item')?['body/LastName']}<br>\n<br>\nWe have created your CGI account and your email id is @{triggerOutputs()?['body/FirstName']}.@{triggerOutputs()?['body/LastName']}@ronvanderhamdevelopment.onmicrosoft.com. Your passowrd will be shared in your registered mobile number.<br>\n<br>\nTempPassword : @{variables('varPassword')}<br>\n<br>\n@{variables('varhtml')}<br>\n<br>\nRegards<br>\nHR BOT</p>"},"authentication":"@parameters('$authentication')"}},"Send_an_email_-_Smart_Card":{"runAfter":{"Create_item_-_Smart_Card_Request":["Succeeded"]},"type":"OpenApiConnection","inputs":{"host":{"apiId":"/providers/Microsoft.PowerApps/apis/shared_office365","connectionName":"shared_office365","operationId":"SendEmailV2"},"parameters":{"emailMessage/To":"Hemendra.Velisetty@ronvanderhamdevelopment.onmicrosoft.com","emailMessage/Subject":"Smart Card Request for @{outputs('Update_item')?['body/FirstName']}@{outputs('Update_item')?['body/LastName']}","emailMessage/Body":"<p>Hi Hemendra,<br>\n<br>\nKindly Print and courier Smart Card to @{outputs('Update_item')?['body/FirstName']}@{outputs('Update_item')?['body/LastName']} on his registered Address.<br>\n<br>\n<br>\nTeam,<br>\nHR</p>","emailMessage/Cc":"@{outputs('Update_item')?['body/PersonalEmail']};@{outputs('Update_item')?['body/Supervisor/Email']};@{outputs('Update_item')?['body/HRMailID']};@{outputs('Create_user_2')?['body/mail']}"},"authentication":"@parameters('$authentication')"}},"Send_an_email_-_Laptop":{"runAfter":{"Create_item_Laptop_Request":["Succeeded"]},"type":"OpenApiConnection","inputs":{"host":{"apiId":"/providers/Microsoft.PowerApps/apis/shared_office365","connectionName":"shared_office365","operationId":"SendEmailV2"},"parameters":{"emailMessage/To":"@outputs('Update_item')?['body/Supervisor/Email']","emailMessage/Subject":"Regards Laptop Request for @{outputs('Update_item')?['body/FirstName']} @{outputs('Update_item')?['body/LastName']}","emailMessage/Body":"<p>Hi ,<br>\n<br>\nNew User Account has created for @{outputs('Update_item')?['body/FirstName']}@{outputs('Update_item')?['body/LastName']}.<br>\n<br>\nKindly raise a service request for his laptop.<br>\n<br>\nTeam,<br>\nHR</p>","emailMessage/Cc":"@{outputs('Update_item')?['body/HRMailID']};@{outputs('Update_item')?['body/PersonalEmail']};@{outputs('Create_user_2')?['body/mail']}"},"authentication":"@parameters('$authentication')"}},"Create_item_Laptop_Request":{"runAfter":{"Delay":["Succeeded"]},"type":"OpenApiConnection","inputs":{"host":{"apiId":"/providers/Microsoft.PowerApps/apis/shared_sharepointonline","connectionName":"shared_sharepointonline","operationId":"PostItem"},"parameters":{"dataset":"https://ronvanderhamdevelopment.sharepoint.com/","table":"990bd931-ba66-4068-8aac-dbe080f116b7","item/Title":"Laptop Request","item/Status":"In Progress","item/RequestedBy/Claims":"@outputs('Update_item')?['body/Supervisor/Claims']","item/RequestedFor":"@{outputs('Update_item')?['body/FirstName']} @{outputs('Update_item')?['body/LastName']}"},"authentication":"@parameters('$authentication')"}},"Create_item_-_Smart_Card_Request":{"runAfter":{"Delay":["Succeeded"]},"type":"OpenApiConnection","inputs":{"host":{"apiId":"/providers/Microsoft.PowerApps/apis/shared_sharepointonline","connectionName":"shared_sharepointonline","operationId":"PostItem"},"parameters":{"dataset":"https://ronvanderhamdevelopment.sharepoint.com/","table":"990bd931-ba66-4068-8aac-dbe080f116b7","item/Title":"Smart Card Request","item/Status":"Assigned","item/RequestedBy/Claims":"@outputs('Update_item')?['body/Supervisor/Claims']","item/RequestedFor":"@{outputs('Update_item')?['body/FirstName']} @{outputs('Update_item')?['body/LastName']}"},"authentication":"@parameters('$authentication')"}},"Initialize_variable_2":{"runAfter":{"Initialize_variable":["Succeeded"]},"type":"InitializeVariable","inputs":{"variables":[{"name":"varhtml","type":"string","value":"<a href=\"https://apps.powerapps.com/play/6841933e-c07a-4aff-9183-e08b4a0eea5f?tenantId=c7ba1ffa-0912-4ec7-be94-7cfcb8a19dd6\">Click here </a> to access ONE CGI App."}]}}}},"connectionReferences":{"shared_azuread":{"connectionName":"shared-azuread-2c56358b-6ae5-42d8-87ce-4450-d209c061","source":"Embedded","id":"/providers/Microsoft.PowerApps/apis/shared_azuread","tier":"NotSpecified"},"shared_sharepointonline":{"connectionName":"07d288303cee4e01a7c71fc5c78b6d27","source":"Embedded","id":"/providers/Microsoft.PowerApps/apis/shared_sharepointonline","tier":"NotSpecified"},"shared_office365":{"connectionName":"shared-office365-1291e008-6065-4415-b008-7225-cf47f4d8","source":"Embedded","id":"/providers/Microsoft.PowerApps/apis/shared_office365","tier":"NotSpecified"}},"flowFailureAlertSubscribed":false}}