emailaddress,importsequencenumber,cr7d5_name,statuscode,statecode,cr7d5_testtableid,timezoneruleversionnumber,utcconversiontimezonecode,versionnumber,organizationid,createdonbehalfby.azureactivedirectoryobjectid,createdby.azureactivedirectoryobjectid,modifiedonbehalfby.azureactivedirectoryobjectid,modifiedby.azureactivedirectoryobjectid
,,Deepan mariappan,Active,Active,594a96c4-a8a8-eb11-b1ac-000d3a5cd4ea,,,1320717,dea8c1b0-c199-4aca-9e64-a3387f7ebce1,,67a04231-a31e-44e0-ae16-921c30bfc764,,67a04231-a31e-44e0-ae16-921c30bfc764
,,tset1,Active,Active,574a96c4-a8a8-eb11-b1ac-000d3a5cd4ea,,,1320715,dea8c1b0-c199-4aca-9e64-a3387f7ebce1,,67a04231-a31e-44e0-ae16-921c30bfc764,,67a04231-a31e-44e0-ae16-921c30bfc764
,,tset1,Active,Active,239fca07-a7a8-eb11-b1ac-000d3a5cd4ea,,,1320677,dea8c1b0-c199-4aca-9e64-a3387f7ebce1,,67a04231-a31e-44e0-ae16-921c30bfc764,,67a04231-a31e-44e0-ae16-921c30bfc764
,,test,Active,Active,8997ab4d-a6a8-eb11-b1ac-000d3a5cd4ea,,,1320588,dea8c1b0-c199-4aca-9e64-a3387f7ebce1,,67a04231-a31e-44e0-ae16-921c30bfc764,,67a04231-a31e-44e0-ae16-921c30bfc764
