{"schemaVersion":"1.0","appDefinitionTemplate":{"id":"/providers/Microsoft.PowerApps/apps/","type":"Microsoft.PowerApps/apps","tags":{"primaryDeviceWidth":"1366","primaryDeviceHeight":"768","sienaVersion":"20210607T111040Z-3.21054.31.0","deviceCapabilities":"webcam","supportsPortrait":"false","supportsLandscape":"true","primaryFormFactor":"Tablet","publisherVersion":"3.21054.31","minimumRequiredApiVersion":"2.2.0","hasComponent":"false","hasUnlockedComponent":"false","isUnifiedRootApp":"false"},"properties":{"appVersion":"2021-06-07T11:10:40Z","lifeCycleId":"Published","createdByClientVersion":{"major":3,"minor":21054,"build":31,"revision":0,"majorRevision":0,"minorRevision":0},"minClientVersion":{"major":3,"minor":21054,"build":31,"revision":0,"majorRevision":0,"minorRevision":0},"backgroundColor":"rgba(0, 176, 240, 1)","backgroundImageUri":"/6555642242723955464/Nebc8c913-8175-427d-b5f4-a40973b93418-logoSmallFile","displayName":"OneCGI","description":"","commitMessage":"","appUris":{"documentUri":{"value":"/6555642242723955464/Nf65297ac-3b06-4dee-a048-67fc0471998d-document.msapp"},"imageUris":[]},"createdTime":"0001-01-01T00:00:00Z","lastModifiedTime":"0001-01-01T00:00:00Z","sharedGroupsCount":0,"sharedUsersCount":0,"icons":{"smallIconUri":"/6555642242723955464/Na0d08654-6ddf-4363-8fc8-009b37d23e79-small.png","mediumIconUri":"/6555642242723955464/N6d2d8c41-9a30-488a-879b-de1687d71875-medium.png","largeIconUri":"/6555642242723955464/N14e92615-f09b-4973-ad99-006b03307df6-large.png","wideIconUri":"/6555642242723955464/N926a2188-14a2-46a0-bc10-d0991404fb80-wide.png"},"connectionReferences":{"4d6cb1f3-9b14-4199-877b-677b2070ac45":{"id":"09739af9-6d50-4fe1-96a7-f276d25fbd33","displayName":"SharePoint","iconUri":"https://connectoricons-prod.azureedge.net/releases/v1.0.1472/1.0.1472.2427/sharepointonline/icon.png","dataSources":["Employee","LeaveTracker","MyRequests","Attendence"],"dependencies":[],"dependents":[],"parameterHints":{},"isOnPremiseConnection":false,"bypassConsent":false,"dataSets":{"https://ronvanderhamdevelopment.sharepoint.com/":{"dataSources":{"Employee":{"tableName":"289e25cd-60f0-4f34-8953-a853b839aa01"},"LeaveTracker":{"tableName":"3647da64-5e1a-477e-b429-9c03d907ccc8"},"MyRequests":{"tableName":"990bd931-ba66-4068-8aac-dbe080f116b7"},"Attendence":{"tableName":"4b98a663-b194-4859-a549-f487e9adcdb8"}}}},"apiTier":"Standard","isCustomApiConnection":false},"6384637e-8f36-4e25-b18f-474facb4eed0":{"id":"c5a871a4-10fc-4e79-a6a0-1963c139c8de","displayName":"Logic flows","iconUri":"https://connectoricons-prod.azureedge.net/releases/v1.0.1438/1.0.1438.2324/logicflows/icon.png","dataSources":["Emailauthentication"],"dependencies":["310686ff-fc6f-4696-85d6-f8d24b6a2da9"],"dependents":[],"parameterHints":{"workflowName":{"value":"a97e5944-db70-4607-a935-4f09a9f4d613"},"workflowEntityId":{},"310686ff-fc6f-4696-85d6-f8d24b6a2da9":{"value":"shared_office365"}},"isOnPremiseConnection":false,"bypassConsent":false,"dataSets":{},"apiTier":"Standard","isCustomApiConnection":false,"actions":["Run"]},"310686ff-fc6f-4696-85d6-f8d24b6a2da9":{"id":"01dc3cc6-37a0-47b0-a254-8b2b596126d5","displayName":"Office 365 Outlook","iconUri":"https://connectoricons-prod.azureedge.net/releases/v1.0.1471/1.0.1471.2427/office365/icon.png","dataSources":[],"dependencies":[],"dependents":["6384637e-8f36-4e25-b18f-474facb4eed0","4e53a329-1e56-41ef-9cbb-9c0ae6f919ee"],"parameterHints":{},"isOnPremiseConnection":false,"bypassConsent":false,"dataSets":{},"apiTier":"Standard","isCustomApiConnection":false},"87cd202c-85bf-4521-a20f-0d4029988271":{"id":"cb1f310e-6e3b-4b86-8aaa-d1c528e6b074","displayName":"Azure Blob Storage","iconUri":"https://connectoricons-prod.azureedge.net/releases/v1.0.1476/1.0.1476.2441/azureblob/icon.png","dataSources":["AzureBlobStorage"],"dependencies":[],"dependents":["4e53a329-1e56-41ef-9cbb-9c0ae6f919ee"],"parameterHints":{},"isOnPremiseConnection":false,"sharedConnectionId":"c5714389-069a-4c6d-a7e9-6b4b9bded5f8","bypassConsent":false,"dataSets":{},"apiTier":"Premium","isCustomApiConnection":false,"actions":["CreateFile"],"endpoints":["srinigauravqna8037"]},"4e53a329-1e56-41ef-9cbb-9c0ae6f919ee":{"id":"c5a871a4-10fc-4e79-a6a0-1963c139c8de","displayName":"Logic flows","iconUri":"https://connectoricons-prod.azureedge.net/releases/v1.0.1438/1.0.1438.2324/logicflows/icon.png","dataSources":["Facerecognition"],"dependencies":["87cd202c-85bf-4521-a20f-0d4029988271","77ca0b1b-bd1f-4525-bac6-e508d8041460","310686ff-fc6f-4696-85d6-f8d24b6a2da9","ea928fa8-0702-40c0-a155-20d6714cec0b"],"dependents":[],"parameterHints":{"workflowName":{"value":"9e9cb50e-7900-485c-96d5-1a20d35e6ecf"},"workflowEntityId":{},"87cd202c-85bf-4521-a20f-0d4029988271":{"value":"shared_azureblob"},"77ca0b1b-bd1f-4525-bac6-e508d8041460":{"value":"shared_faceapi"},"310686ff-fc6f-4696-85d6-f8d24b6a2da9":{"value":"shared_office365"},"ea928fa8-0702-40c0-a155-20d6714cec0b":{"value":"shared_approvals"}},"isOnPremiseConnection":false,"bypassConsent":false,"dataSets":{},"apiTier":"Standard","isCustomApiConnection":false,"actions":["Run"]},"77ca0b1b-bd1f-4525-bac6-e508d8041460":{"id":"a665bec3-a635-4a2e-90b1-e4ab203c88f7","displayName":"Face API","iconUri":"https://connectoricons-prod.azureedge.net/releases/v1.0.1373/1.0.1373.2081/faceapi/icon.png","dataSources":[],"dependencies":[],"dependents":["4e53a329-1e56-41ef-9cbb-9c0ae6f919ee"],"parameterHints":{},"isOnPremiseConnection":false,"sharedConnectionId":"9e205e18-9bfd-4cdb-aed7-d0bec519c5c8","bypassConsent":false,"dataSets":{},"apiTier":"Standard","isCustomApiConnection":false},"ea928fa8-0702-40c0-a155-20d6714cec0b":{"id":"fea2e78f-38e8-4a4d-9408-1832fac333d1","displayName":"Approvals","iconUri":"https://connectoricons-prod.azureedge.net/releases/v1.0.1477/1.0.1477.2445/approvals/icon.png","dataSources":[],"dependencies":[],"dependents":["4e53a329-1e56-41ef-9cbb-9c0ae6f919ee"],"parameterHints":{},"isOnPremiseConnection":false,"bypassConsent":false,"dataSets":{},"apiTier":"Standard","isCustomApiConnection":false}},"databaseReferences":{},"almMode":"Environment","performanceOptimizationEnabled":true,"canConsumeAppPass":true,"executionRestrictions":{"isTeamsOnly":false,"dataLossPreventionEvaluationResult":{"status":"Compliant","lastEvaluationDate":"2021-05-29T20:08:29.3719893Z","violations":[],"violationsByPolicy":[],"violationErrorMessage":"The app uses the following connectors: shared_sharepointonline."}}},"appType":"ClassicCanvasApp","appComponents":[]}}