{"name":"22a7a159-1851-4cd6-87cc-c7ac7edbc42c","id":"/providers/Microsoft.Flow/flows/22a7a159-1851-4cd6-87cc-c7ac7edbc42c","type":"Microsoft.Flow/flows","properties":{"apiId":"/providers/Microsoft.PowerApps/apis/shared_logicflows","displayName":"Face Identification2","definition":{"metadata":{"workflowEntityId":null,"processAdvisorMetadata":null,"flowclientsuspensionreason":"None","flowclientsuspensiontime":null,"creator":{"id":"cbf6b318-835e-4eaa-94a8-878a92e80997","type":"User","tenantId":"c7ba1ffa-0912-4ec7-be94-7cfcb8a19dd6"},"provisioningMethod":"FromDefinition","failureAlertSubscription":true,"clientLastModifiedTime":"2021-06-07T01:21:40.7958996Z"},"$schema":"https://schema.management.azure.com/providers/Microsoft.Logic/schemas/2016-06-01/workflowdefinition.json#","contentVersion":"1.0.0.0","parameters":{"$connections":{"defaultValue":{},"type":"Object"},"$authentication":{"defaultValue":{},"type":"SecureObject"}},"triggers":{"When_a_blob_is_added_or_modified_(properties_only)":{"recurrence":{"frequency":"Minute","interval":1},"splitOn":"@triggerOutputs()?['body']","metadata":{"JTJmZmFjZXM=":"/faces"},"type":"OpenApiConnection","inputs":{"host":{"apiId":"/providers/Microsoft.PowerApps/apis/shared_azureblob","connectionName":"shared_azureblob","operationId":"OnUpdatedFiles"},"parameters":{"folderId":"JTJmZmFjZXM=","maxFileCount":10},"authentication":"@parameters('$authentication')"}}},"actions":{"HTTP":{"runAfter":{"Add_a_person_face":["Succeeded"]},"type":"Http","inputs":{"method":"POST","uri":"https://sriniface1.cognitiveservices.azure.com/face/v1.0/persongroups/face_authentication1/train","headers":{"Ocp-Apim-Subscription-Key":"9dcf76662a324625aec8604d1f44411b"}}},"Create_SAS_URI_by_path":{"runAfter":{},"type":"OpenApiConnection","inputs":{"host":{"apiId":"/providers/Microsoft.PowerApps/apis/shared_azureblob","connectionName":"shared_azureblob","operationId":"CreateShareLinkByPath"},"parameters":{"path":"@triggerOutputs()?['body/Path']","policy/Permissions":"Read"},"authentication":"@parameters('$authentication')"}},"Create_a_person":{"runAfter":{"Create_SAS_URI_by_path":["Succeeded"]},"type":"OpenApiConnection","inputs":{"host":{"apiId":"/providers/Microsoft.PowerApps/apis/shared_faceapi","connectionName":"shared_faceapi","operationId":"CreatePerson"},"parameters":{"personGroupId":"face_authentication1","body/name":"@triggerOutputs()?['body/Name']"},"authentication":"@parameters('$authentication')"}},"Add_a_person_face":{"runAfter":{"Create_a_person":["Succeeded"]},"type":"OpenApiConnection","inputs":{"host":{"apiId":"/providers/Microsoft.PowerApps/apis/shared_faceapi","connectionName":"shared_faceapi","operationId":"AddPersonFace"},"parameters":{"personGroupId":"face_authentication1","personId":"@outputs('Create_a_person')?['body/personId']","body/url":"@outputs('Create_SAS_URI_by_path')?['body/WebUrl']"},"authentication":"@parameters('$authentication')"}}},"outputs":{}},"connectionReferences":{"shared_azureblob":{"connectionName":"shared-azureblob-cc26a740-0524-4397-b2bc-77ce-d6b796b2","source":"Embedded","id":"/providers/Microsoft.PowerApps/apis/shared_azureblob","tier":"NotSpecified"},"shared_faceapi":{"connectionName":"shared-faceapi-358e4ad2-0dcb-48cf-9b46-6a30-ded76510","source":"Embedded","id":"/providers/Microsoft.PowerApps/apis/shared_faceapi","tier":"NotSpecified"}},"flowFailureAlertSubscribed":false}}