{"name":"244e9e3f-5804-4dd4-a6b1-91d304add2b0","id":"/providers/Microsoft.Flow/flows/244e9e3f-5804-4dd4-a6b1-91d304add2b0","type":"Microsoft.Flow/flows","properties":{"apiId":"/providers/Microsoft.PowerApps/apis/shared_logicflows","displayName":"Upload Employee Photo","definition":{"metadata":{"workflowEntityId":null,"processAdvisorMetadata":null,"flowclientsuspensionreason":"None","flowclientsuspensiontime":null,"creator":{"id":"cbf6b318-835e-4eaa-94a8-878a92e80997","type":"User","tenantId":"c7ba1ffa-0912-4ec7-be94-7cfcb8a19dd6"},"provisioningMethod":"FromDefinition","failureAlertSubscription":true,"clientLastModifiedTime":"2021-05-30T15:24:08.5956744Z"},"$schema":"https://schema.management.azure.com/providers/Microsoft.Logic/schemas/2016-06-01/workflowdefinition.json#","contentVersion":"1.0.0.0","parameters":{"$connections":{"defaultValue":{},"type":"Object"},"$authentication":{"defaultValue":{},"type":"SecureObject"}},"triggers":{"When_a_file_is_created":{"recurrence":{"frequency":"Minute","interval":1},"metadata":{"%252fLists%252fEmployee":"/Lists/Employee","flowSystemMetadata":{"swaggerOperationId":"OnNewFile"},"%252fSiteAssets%252fOnBoardingPhotos":"/SiteAssets/OnBoardingPhotos"},"type":"ApiConnection","inputs":{"host":{"connection":{"name":"@parameters('$connections')['shared_sharepointonline']['connectionId']"},"api":{"runtimeUrl":"https://europe-002.azure-apim.net/apim/sharepointonline"}},"method":"get","path":"/datasets/@{encodeURIComponent(encodeURIComponent('https://ronvanderhamdevelopment.sharepoint.com/'))}/triggers/onnewfile","queries":{"folderId":"%252fSiteAssets%252fOnBoardingPhotos"},"authentication":"@parameters('$authentication')"},"conditions":[]}},"actions":{"Create_file":{"runAfter":{},"metadata":{"flowSystemMetadata":{"swaggerOperationId":"CreateFile"}},"type":"ApiConnection","inputs":{"host":{"connection":{"name":"@parameters('$connections')['shared_azureblob_1']['connectionId']"},"api":{"runtimeUrl":"https://europe-002.azure-apim.net/apim/azureblob"}},"method":"post","body":"@triggerBody()","path":"/datasets/default/files","queries":{"folderPath":"/faces","name":"@{decodeBase64(triggerOutputs()['headers']['x-ms-file-name-encoded'])}"},"authentication":"@parameters('$authentication')"}}},"outputs":{},"description":"When files are uploaded to the specified SharePoint site and Folder, they will be copied to AzureBlob as well."},"connectionReferences":{"shared_azureblob_1":{"connectionName":"shared-azureblob-cc26a740-0524-4397-b2bc-77ce-d6b796b2","source":"Embedded","id":"/providers/Microsoft.PowerApps/apis/shared_azureblob","tier":"NotSpecified"},"shared_sharepointonline":{"connectionName":"07d288303cee4e01a7c71fc5c78b6d27","source":"Embedded","id":"/providers/Microsoft.PowerApps/apis/shared_sharepointonline","tier":"NotSpecified"}},"flowFailureAlertSubscribed":false}}