{"name":"92dfb93d-8847-4678-ac63-0297a01ba71e","id":"/providers/Microsoft.Flow/flows/92dfb93d-8847-4678-ac63-0297a01ba71e","type":"Microsoft.Flow/flows","properties":{"apiId":"/providers/Microsoft.PowerApps/apis/shared_logicflows","displayName":"ReminderMailFlow","definition":{"metadata":{"workflowEntityId":null,"processAdvisorMetadata":null,"flowclientsuspensionreason":"None","flowclientsuspensiontime":null,"creator":{"id":"96a99893-c1e8-4e6c-9802-ea754b7d4c93","type":"User","tenantId":"db1e96a8-a3da-442a-930b-235cac24cd5c"},"provisioningMethod":"FromDefinition","failureAlertSubscription":true,"clientLastModifiedTime":"2021-09-17T08:31:16.7801052Z"},"$schema":"https://schema.management.azure.com/providers/Microsoft.Logic/schemas/2016-06-01/workflowdefinition.json#","contentVersion":"1.0.0.0","parameters":{"$connections":{"defaultValue":{},"type":"Object"},"$authentication":{"defaultValue":{},"type":"SecureObject"}},"triggers":{"Recurrence":{"recurrence":{"frequency":"Week","interval":1,"timeZone":"India Standard Time","startTime":"2021-05-12T04:30:00.000Z","schedule":{"weekDays":["Monday","Tuesday","Wednesday","Thursday","Friday"],"hours":["12"]}},"type":"Recurrence"}},"actions":{"Initialize_variable_2":{"runAfter":{},"type":"InitializeVariable","inputs":{"variables":[{"name":"Listorlib Name","type":"string","value":"Site Access Request Form"}]}},"Initialize_variable_3":{"runAfter":{"Initialize_variable_2":["Succeeded"]},"type":"InitializeVariable","inputs":{"variables":[{"name":"error","type":"boolean","value":"@false"}]}},"Initialize_variable":{"runAfter":{"Initialize_variable_3":["Succeeded"]},"type":"InitializeVariable","inputs":{"variables":[{"name":"check","type":"boolean","value":"@false"}]}},"Do_until":{"actions":{"try_Scope":{"actions":{"Compose_overdue_date_filter_-7_days_2":{"runAfter":{},"type":"Compose","inputs":"<View><Query><Where><And><Eq><FieldRef Name='FormStatus'/><Value Type='Text'>Draft</Value></Eq><Eq><FieldRef Name='Created'/><Value IncludeTimeValue='False' Type='DateTime'>@{addDays(utcNow(), variables('date'), 'yyyy-MM-dd')}</Value></Eq></And></Where></Query></View>"},"Send_an_HTTP_request_to_SharePoint_4":{"runAfter":{"Compose_overdue_date_filter_-7_days_2":["Succeeded"]},"type":"OpenApiConnection","inputs":{"host":{"apiId":"/providers/Microsoft.PowerApps/apis/shared_sharepointonline","connectionName":"shared_sharepointonline_1","operationId":"HttpRequest"},"parameters":{"dataset":"https://eu023-sp.shell.com/sites/SPOAA1436","parameters/method":"POST","parameters/uri":"/_api/web/lists/GetByTitle('@{variables('Listorlib Name')}')/GetItems?$select=ID","parameters/headers":{"accept":"application/json;odata=verbose","content-type":"application/json;odata=verbose"},"parameters/body":"{\n\"query\":{ \n            \"__metadata\": { \"type\": \"SP.CamlQuery\" },\n            \"ViewXml\": \"@{outputs('Compose_overdue_date_filter_-7_days_2')}\"\n        } \n}"},"authentication":"@parameters('$authentication')"}},"Condition_3":{"actions":{"Apply_to_each":{"foreach":"@body('Send_an_HTTP_request_to_SharePoint_4')['d']['results']","actions":{"Get_item":{"runAfter":{},"type":"OpenApiConnection","inputs":{"host":{"apiId":"/providers/Microsoft.PowerApps/apis/shared_sharepointonline","connectionName":"shared_sharepointonline_1","operationId":"GetItem"},"parameters":{"dataset":"https://eu023-sp.shell.com/sites/SPOAA1436","table":"2cbe6f86-a81f-4451-937a-645c060342dd","id":"@items('Apply_to_each')?['ID']"},"authentication":"@parameters('$authentication')"}},"Send_an_email_(V2)":{"runAfter":{"Get_item":["Succeeded"]},"type":"OpenApiConnection","inputs":{"host":{"apiId":"/providers/Microsoft.PowerApps/apis/shared_office365","connectionName":"shared_office365","operationId":"SendEmailV2"},"parameters":{"emailMessage/To":"@outputs('Get_item')?['body/EmailId']","emailMessage/Subject":"Remainder Mail Site Access Draft Request - @{outputs('Get_item')?['body/ID']}","emailMessage/Body":"<p>Hello @{outputs('Get_item')?['body/FirstName']},<br>\n<br>\nBelow is a copy of your draft site access request form: <br>\nPick up where you left off by clicking <a href=\"https://eu023-sp.shell.com/sites/SPOAA1436/SitePages/New-Request.aspx?MyID=@{outputs('Get_item')?['body/ID']}\">here</a><br>\n<br>\nNote that this saved form will expire within 30 days and will be automatically deleted.<br>\n<br>\nThanks,<br>\nSite Access Team<br>\n</p>"},"authentication":"@parameters('$authentication')"}}},"runAfter":{},"type":"Foreach"}},"runAfter":{"Send_an_HTTP_request_to_SharePoint_4":["Succeeded"]},"expression":{"greater":["@length(body('Send_an_HTTP_request_to_SharePoint_4')['d']['results'])",0]},"type":"If"},"Condition_7":{"actions":{"Set_variable_7":{"runAfter":{},"type":"SetVariable","inputs":{"name":"check","value":"@true"}}},"runAfter":{"Condition_3":["Succeeded"]},"expression":{"lessOrEquals":["@variables('date')",-28]},"type":"If"},"Decrement_variable_2":{"runAfter":{"Condition_7":["Succeeded"]},"type":"DecrementVariable","inputs":{"name":"date","value":7}}},"runAfter":{},"type":"Scope"},"catch_Scope":{"actions":{"Set_variable":{"runAfter":{},"type":"SetVariable","inputs":{"name":"error","value":"@true"}}},"runAfter":{"try_Scope":["Failed","Skipped","TimedOut"]},"type":"Scope"},"Scope":{"actions":{"Condition":{"actions":{"Admin_Send_an_email_(V2)_2":{"runAfter":{},"type":"OpenApiConnection","inputs":{"host":{"apiId":"/providers/Microsoft.PowerApps/apis/shared_office365","connectionName":"shared_office365","operationId":"SendEmailV2"},"parameters":{"emailMessage/To":"D.Mariappan@shell.com","emailMessage/Subject":"Error","emailMessage/Body":"<p>Chcek</p>"},"authentication":"@parameters('$authentication')"}},"Set_variable_2":{"runAfter":{"Admin_Send_an_email_(V2)_2":["Succeeded"]},"type":"SetVariable","inputs":{"name":"check","value":"@true"}}},"runAfter":{},"expression":{"equals":["@variables('error')","@true"]},"type":"If"}},"runAfter":{"catch_Scope":["Succeeded","Failed","Skipped","TimedOut"]},"type":"Scope"}},"runAfter":{"Initialize_variable_4":["Succeeded"]},"expression":"@equals(variables('check'), true)","limit":{"count":4,"timeout":"PT1H"},"type":"Until"},"Initialize_variable_4":{"runAfter":{"Initialize_variable":["Succeeded"]},"type":"InitializeVariable","inputs":{"variables":[{"name":"date","type":"integer","value":-7}]}}},"outputs":{}},"connectionReferences":{"shared_sharepointonline_1":{"connectionName":"shared-sharepointonl-0a693f0a-e486-498e-9fc8-a2b4-bc23bce4","source":"Embedded","id":"/providers/Microsoft.PowerApps/apis/shared_sharepointonline","tier":"NotSpecified"},"shared_office365":{"connectionName":"shared-office365-92a25451-60e4-41bd-bbbe-31b2-b9e9a0d3","source":"Embedded","id":"/providers/Microsoft.PowerApps/apis/shared_office365","tier":"NotSpecified"}},"flowFailureAlertSubscribed":false}}